m_barabasi_albert,red_ratio,mafia_win_rate,num_edges
1,0.01,0.52624,21
1,0.02,0.52678,21
1,0.03,0.52558,21
1,0.04,0.52842,21
1,0.05,0.52962,21
1,0.06,0.52922,21
1,0.07,0.52616,21
1,0.08,0.5279,21
1,0.09,0.52764,21
1,0.1,0.53252,21
1,0.11,0.52928,21
1,0.12,0.53108,21
1,0.13,0.53096,21
1,0.14,0.527,21
1,0.15,0.53202,21
1,0.16,0.52802,21
1,0.17,0.53022,21
1,0.18,0.5315,21
1,0.19,0.53584,21
1,0.2,0.52834,21
1,0.21,0.53134,21
1,0.22,0.52896,21
1,0.23,0.52794,21
1,0.24,0.52976,21
1,0.25,0.53008,21
1,0.26,0.53258,21
1,0.27,0.52906,21
1,0.28,0.53226,21
1,0.29,0.53068,21
1,0.3,0.53336,21
1,0.31,0.53242,21
1,0.32,0.52946,21
1,0.33,0.5294,21
1,0.34,0.5315,21
1,0.35,0.52858,21
1,0.36,0.52988,21
1,0.37,0.52812,21
1,0.38,0.53038,21
1,0.39,0.53478,21
1,0.4,0.53412,21
1,0.41,0.5332,21
1,0.42,0.53246,21
1,0.43,0.53346,21
1,0.44,0.53166,21
1,0.45,0.53108,21
1,0.46,0.53114,21
1,0.47,0.53378,21
1,0.48,0.53258,21
1,0.49,0.53236,21
1,0.5,0.53298,21
1,0.51,0.52816,21
1,0.52,0.53266,21
1,0.53,0.5339,21
1,0.54,0.5278,21
1,0.55,0.5292,21
1,0.56,0.52732,21
1,0.5700000000000001,0.53216,21
1,0.58,0.53286,21
1,0.59,0.52978,21
1,0.6,0.5307,21
1,0.61,0.52918,21
1,0.62,0.52644,21
1,0.63,0.52992,21
1,0.64,0.52608,21
1,0.65,0.52092,21
1,0.66,0.5276,21
1,0.67,0.52536,21
1,0.68,0.52236,21
1,0.6900000000000001,0.52798,21
1,0.7000000000000001,0.52408,21
1,0.71,0.52338,21
1,0.72,0.52158,21
1,0.73,0.52506,21
1,0.74,0.52184,21
1,0.75,0.52412,21
1,0.76,0.52344,21
1,0.77,0.52264,21
1,0.78,0.52044,21
1,0.79,0.51814,21
1,0.8,0.51958,21
1,0.81,0.51822,21
1,0.8200000000000001,0.51478,21
1,0.8300000000000001,0.5179,21
1,0.84,0.51636,21
1,0.85,0.51788,21
1,0.86,0.51756,21
1,0.87,0.51562,21
1,0.88,0.51562,21
1,0.89,0.5132,21
1,0.9,0.5181,21
1,0.91,0.51436,21
1,0.92,0.5108,21
1,0.93,0.51382,21
1,0.94,0.5133,21
1,0.95,0.51744,21
1,0.96,0.5111,21
1,0.97,0.5077,21
1,0.98,0.50998,21
1,0.99,0.51212,21
1,1.0,0.50556,21
2,0.01,0.54322,41
2,0.02,0.54724,41
2,0.03,0.54692,41
2,0.04,0.54704,41
2,0.05,0.54612,41
2,0.06,0.54606,41
2,0.07,0.54932,41
2,0.08,0.55006,41
2,0.09,0.54628,41
2,0.1,0.54868,41
2,0.11,0.55042,41
2,0.12,0.5503,41
2,0.13,0.55268,41
2,0.14,0.55596,41
2,0.15,0.55012,41
2,0.16,0.55354,41
2,0.17,0.55468,41
2,0.18,0.55426,41
2,0.19,0.55502,41
2,0.2,0.5596,41
2,0.21,0.55194,41
2,0.22,0.5532,41
2,0.23,0.55638,41
2,0.24,0.5589,41
2,0.25,0.553,41
2,0.26,0.55776,41
2,0.27,0.5586,41
2,0.28,0.5565,41
2,0.29,0.55612,41
2,0.3,0.55824,41
2,0.31,0.5598,41
2,0.32,0.55628,41
2,0.33,0.55738,41
2,0.34,0.55742,41
2,0.35,0.56068,41
2,0.36,0.5553,41
2,0.37,0.5582,41
2,0.38,0.55502,41
2,0.39,0.5597,41
2,0.4,0.55986,41
2,0.41,0.5625,41
2,0.42,0.55806,41
2,0.43,0.55882,41
2,0.44,0.55532,41
2,0.45,0.55658,41
2,0.46,0.55988,41
2,0.47,0.55784,41
2,0.48,0.5581,41
2,0.49,0.5566,41
2,0.5,0.5585,41
2,0.51,0.55954,41
2,0.52,0.56014,41
2,0.53,0.55648,41
2,0.54,0.55694,41
2,0.55,0.55396,41
2,0.56,0.5561,41
2,0.5700000000000001,0.56184,41
2,0.58,0.5587,41
2,0.59,0.55428,41
2,0.6,0.55238,41
2,0.61,0.55478,41
2,0.62,0.55786,41
2,0.63,0.55178,41
2,0.64,0.55276,41
2,0.65,0.55568,41
2,0.66,0.55136,41
2,0.67,0.54884,41
2,0.68,0.54902,41
2,0.6900000000000001,0.55046,41
2,0.7000000000000001,0.54882,41
2,0.71,0.54998,41
2,0.72,0.55004,41
2,0.73,0.54598,41
2,0.74,0.54754,41
2,0.75,0.54632,41
2,0.76,0.54406,41
2,0.77,0.54766,41
2,0.78,0.54286,41
2,0.79,0.54446,41
2,0.8,0.53806,41
2,0.81,0.54212,41
2,0.8200000000000001,0.53946,41
2,0.8300000000000001,0.53538,41
2,0.84,0.5366,41
2,0.85,0.53758,41
2,0.86,0.53686,41
2,0.87,0.5385,41
2,0.88,0.53518,41
2,0.89,0.53632,41
2,0.9,0.53356,41
2,0.91,0.53032,41
2,0.92,0.53364,41
2,0.93,0.5307,41
2,0.94,0.52618,41
2,0.95,0.52526,41
2,0.96,0.52836,41
2,0.97,0.52846,41
2,0.98,0.52594,41
2,0.99,0.52878,41
2,1.0,0.52072,41
3,0.01,0.55362,60
3,0.02,0.55612,60
3,0.03,0.5544,60
3,0.04,0.5544,60
3,0.05,0.55848,60
3,0.06,0.5581,60
3,0.07,0.55608,60
3,0.08,0.55634,60
3,0.09,0.5624,60
3,0.1,0.56204,60
3,0.11,0.56622,60
3,0.12,0.55922,60
3,0.13,0.56228,60
3,0.14,0.56744,60
3,0.15,0.5663,60
3,0.16,0.5678,60
3,0.17,0.56742,60
3,0.18,0.57066,60
3,0.19,0.56846,60
3,0.2,0.56678,60
3,0.21,0.57048,60
3,0.22,0.57562,60
3,0.23,0.57192,60
3,0.24,0.56924,60
3,0.25,0.57446,60
3,0.26,0.5721,60
3,0.27,0.57818,60
3,0.28,0.5714,60
3,0.29,0.57108,60
3,0.3,0.57172,60
3,0.31,0.57904,60
3,0.32,0.57398,60
3,0.33,0.57728,60
3,0.34,0.5775,60
3,0.35,0.57854,60
3,0.36,0.57586,60
3,0.37,0.57614,60
3,0.38,0.5759,60
3,0.39,0.57876,60
3,0.4,0.57452,60
3,0.41,0.5774,60
3,0.42,0.58244,60
3,0.43,0.58092,60
3,0.44,0.57806,60
3,0.45,0.57772,60
3,0.46,0.57952,60
3,0.47,0.5781,60
3,0.48,0.57926,60
3,0.49,0.58232,60
3,0.5,0.57784,60
3,0.51,0.58158,60
3,0.52,0.5757,60
3,0.53,0.5764,60
3,0.54,0.5797,60
3,0.55,0.57452,60
3,0.56,0.57424,60
3,0.5700000000000001,0.57464,60
3,0.58,0.57834,60
3,0.59,0.57922,60
3,0.6,0.57718,60
3,0.61,0.57382,60
3,0.62,0.57484,60
3,0.63,0.57196,60
3,0.64,0.5771,60
3,0.65,0.57492,60
3,0.66,0.5701,60
3,0.67,0.57164,60
3,0.68,0.56834,60
3,0.6900000000000001,0.56994,60
3,0.7000000000000001,0.57172,60
3,0.71,0.56604,60
3,0.72,0.56824,60
3,0.73,0.56798,60
3,0.74,0.56762,60
3,0.75,0.56632,60
3,0.76,0.56592,60
3,0.77,0.56118,60
3,0.78,0.56168,60
3,0.79,0.56228,60
3,0.8,0.56032,60
3,0.81,0.558,60
3,0.8200000000000001,0.55972,60
3,0.8300000000000001,0.55546,60
3,0.84,0.55614,60
3,0.85,0.55394,60
3,0.86,0.55726,60
3,0.87,0.5522,60
3,0.88,0.55034,60
3,0.89,0.54738,60
3,0.9,0.54728,60
3,0.91,0.54762,60
3,0.92,0.54516,60
3,0.93,0.54654,60
3,0.94,0.54334,60
3,0.95,0.5369,60
3,0.96,0.53822,60
3,0.97,0.53384,60
3,0.98,0.53548,60
3,0.99,0.5312,60
3,1.0,0.53352,60
4,0.01,0.55618,78
4,0.02,0.56036,78
4,0.03,0.55848,78
4,0.04,0.56142,78
4,0.05,0.55928,78
4,0.06,0.56722,78
4,0.07,0.56832,78
4,0.08,0.56748,78
4,0.09,0.5666,78
4,0.1,0.56998,78
4,0.11,0.56718,78
4,0.12,0.57058,78
4,0.13,0.57352,78
4,0.14,0.57434,78
4,0.15,0.5766,78
4,0.16,0.57216,78
4,0.17,0.57902,78
4,0.18,0.57664,78
4,0.19,0.57464,78
4,0.2,0.57366,78
4,0.21,0.57972,78
4,0.22,0.58362,78
4,0.23,0.58166,78
4,0.24,0.5809,78
4,0.25,0.58544,78
4,0.26,0.58112,78
4,0.27,0.58512,78
4,0.28,0.59086,78
4,0.29,0.58562,78
4,0.3,0.58586,78
4,0.31,0.59124,78
4,0.32,0.59262,78
4,0.33,0.59064,78
4,0.34,0.59132,78
4,0.35,0.59298,78
4,0.36,0.59062,78
4,0.37,0.59216,78
4,0.38,0.59594,78
4,0.39,0.59208,78
4,0.4,0.59598,78
4,0.41,0.5981,78
4,0.42,0.59198,78
4,0.43,0.5948,78
4,0.44,0.5958,78
4,0.45,0.59098,78
4,0.46,0.5956,78
4,0.47,0.59556,78
4,0.48,0.59484,78
4,0.49,0.59288,78
4,0.5,0.59226,78
4,0.51,0.5965,78
4,0.52,0.5891,78
4,0.53,0.59752,78
4,0.54,0.59234,78
4,0.55,0.59358,78
4,0.56,0.59674,78
4,0.5700000000000001,0.59292,78
4,0.58,0.58852,78
4,0.59,0.59312,78
4,0.6,0.59144,78
4,0.61,0.59576,78
4,0.62,0.58952,78
4,0.63,0.58578,78
4,0.64,0.58986,78
4,0.65,0.58702,78
4,0.66,0.58896,78
4,0.67,0.58496,78
4,0.68,0.5852,78
4,0.6900000000000001,0.59074,78
4,0.7000000000000001,0.5834,78
4,0.71,0.58268,78
4,0.72,0.5818,78
4,0.73,0.58126,78
4,0.74,0.5827,78
4,0.75,0.58144,78
4,0.76,0.57668,78
4,0.77,0.57688,78
4,0.78,0.57716,78
4,0.79,0.57764,78
4,0.8,0.57568,78
4,0.81,0.57026,78
4,0.8200000000000001,0.57146,78
4,0.8300000000000001,0.57042,78
4,0.84,0.57176,78
4,0.85,0.56316,78
4,0.86,0.5668,78
4,0.87,0.56142,78
4,0.88,0.56014,78
4,0.89,0.56144,78
4,0.9,0.55928,78
4,0.91,0.55696,78
4,0.92,0.55732,78
4,0.93,0.55372,78
4,0.94,0.549,78
4,0.95,0.54942,78
4,0.96,0.54968,78
4,0.97,0.54724,78
4,0.98,0.54574,78
4,0.99,0.54352,78
4,1.0,0.53866,78
5,0.01,0.55804,95
5,0.02,0.55892,95
5,0.03,0.56312,95
5,0.04,0.56012,95
5,0.05,0.56324,95
5,0.06,0.56658,95
5,0.07,0.56448,95
5,0.08,0.5668,95
5,0.09,0.56982,95
5,0.1,0.57036,95
5,0.11,0.57708,95
5,0.12,0.57784,95
5,0.13,0.57872,95
5,0.14,0.57958,95
5,0.15,0.57942,95
5,0.16,0.5799,95
5,0.17,0.58036,95
5,0.18,0.58728,95
5,0.19,0.58206,95
5,0.2,0.58666,95
5,0.21,0.5876,95
5,0.22,0.58572,95
5,0.23,0.58574,95
5,0.24,0.59078,95
5,0.25,0.59534,95
5,0.26,0.59014,95
5,0.27,0.5954,95
5,0.28,0.59558,95
5,0.29,0.59702,95
5,0.3,0.59488,95
5,0.31,0.5967,95
5,0.32,0.59916,95
5,0.33,0.59844,95
5,0.34,0.59846,95
5,0.35,0.59896,95
5,0.36,0.5993,95
5,0.37,0.59874,95
5,0.38,0.60118,95
5,0.39,0.60516,95
5,0.4,0.60506,95
5,0.41,0.60102,95
5,0.42,0.60684,95
5,0.43,0.60458,95
5,0.44,0.60624,95
5,0.45,0.60262,95
5,0.46,0.6019,95
5,0.47,0.60608,95
5,0.48,0.60362,95
5,0.49,0.61084,95
5,0.5,0.60252,95
5,0.51,0.60356,95
5,0.52,0.60722,95
5,0.53,0.60398,95
5,0.54,0.60716,95
5,0.55,0.60168,95
5,0.56,0.6057,95
5,0.5700000000000001,0.60514,95
5,0.58,0.603,95
5,0.59,0.60702,95
5,0.6,0.6048,95
5,0.61,0.6067,95
5,0.62,0.60264,95
5,0.63,0.60358,95
5,0.64,0.605,95
5,0.65,0.60154,95
5,0.66,0.5999,95
5,0.67,0.59726,95
5,0.68,0.60088,95
5,0.6900000000000001,0.6023,95
5,0.7000000000000001,0.59606,95
5,0.71,0.59646,95
5,0.72,0.59628,95
5,0.73,0.5931,95
5,0.74,0.5967,95
5,0.75,0.59206,95
5,0.76,0.58896,95
5,0.77,0.5935,95
5,0.78,0.58652,95
5,0.79,0.58694,95
5,0.8,0.58526,95
5,0.81,0.58402,95
5,0.8200000000000001,0.58066,95
5,0.8300000000000001,0.58152,95
5,0.84,0.5805,95
5,0.85,0.57446,95
5,0.86,0.57522,95
5,0.87,0.5757,95
5,0.88,0.56756,95
5,0.89,0.57096,95
5,0.9,0.56766,95
5,0.91,0.56472,95
5,0.92,0.56268,95
5,0.93,0.55872,95
5,0.94,0.5594,95
5,0.95,0.55704,95
5,0.96,0.56038,95
5,0.97,0.55334,95
5,0.98,0.55436,95
5,0.99,0.54868,95
5,1.0,0.54588,95
6,0.01,0.55658,111
6,0.02,0.55554,111
6,0.03,0.56388,111
6,0.04,0.55876,111
6,0.05,0.56416,111
6,0.06,0.56916,111
6,0.07,0.56686,111
6,0.08,0.56686,111
6,0.09,0.569,111
6,0.1,0.57152,111
6,0.11,0.57462,111
6,0.12,0.57812,111
6,0.13,0.5814,111
6,0.14,0.57982,111
6,0.15,0.58322,111
6,0.16,0.58662,111
6,0.17,0.58494,111
6,0.18,0.58834,111
6,0.19,0.59276,111
6,0.2,0.58742,111
6,0.21,0.59318,111
6,0.22,0.59276,111
6,0.23,0.59868,111
6,0.24,0.59896,111
6,0.25,0.60126,111
6,0.26,0.59678,111
6,0.27,0.59856,111
6,0.28,0.59938,111
6,0.29,0.60082,111
6,0.3,0.6071,111
6,0.31,0.60354,111
6,0.32,0.60548,111
6,0.33,0.60464,111
6,0.34,0.60556,111
6,0.35,0.6076,111
6,0.36,0.60602,111
6,0.37,0.60898,111
6,0.38,0.61168,111
6,0.39,0.61416,111
6,0.4,0.6131,111
6,0.41,0.61298,111
6,0.42,0.61214,111
6,0.43,0.61168,111
6,0.44,0.61538,111
6,0.45,0.6124,111
6,0.46,0.61428,111
6,0.47,0.61746,111
6,0.48,0.61188,111
6,0.49,0.61624,111
6,0.5,0.616,111
6,0.51,0.61474,111
6,0.52,0.61436,111
6,0.53,0.60998,111
6,0.54,0.6149,111
6,0.55,0.6153,111
6,0.56,0.61688,111
6,0.5700000000000001,0.61624,111
6,0.58,0.61508,111
6,0.59,0.61564,111
6,0.6,0.61466,111
6,0.61,0.61314,111
6,0.62,0.60954,111
6,0.63,0.61332,111
6,0.64,0.61132,111
6,0.65,0.61044,111
6,0.66,0.61264,111
6,0.67,0.60704,111
6,0.68,0.60084,111
6,0.6900000000000001,0.60604,111
6,0.7000000000000001,0.60646,111
6,0.71,0.60528,111
6,0.72,0.60236,111
6,0.73,0.60534,111
6,0.74,0.59676,111
6,0.75,0.60244,111
6,0.76,0.59778,111
6,0.77,0.59672,111
6,0.78,0.59772,111
6,0.79,0.59576,111
6,0.8,0.59296,111
6,0.81,0.59564,111
6,0.8200000000000001,0.58732,111
6,0.8300000000000001,0.58898,111
6,0.84,0.58684,111
6,0.85,0.58498,111
6,0.86,0.57982,111
6,0.87,0.58196,111
6,0.88,0.5777,111
6,0.89,0.57666,111
6,0.9,0.57488,111
6,0.91,0.5741,111
6,0.92,0.5671,111
6,0.93,0.56804,111
6,0.94,0.5706,111
6,0.95,0.56256,111
6,0.96,0.55926,111
6,0.97,0.55474,111
6,0.98,0.55202,111
6,0.99,0.54712,111
6,1.0,0.54532,111
7,0.01,0.55018,126
7,0.02,0.55448,126
7,0.03,0.55872,126
7,0.04,0.56116,126
7,0.05,0.56394,126
7,0.06,0.56244,126
7,0.07,0.56394,126
7,0.08,0.56976,126
7,0.09,0.57162,126
7,0.1,0.57148,126
7,0.11,0.5769,126
7,0.12,0.58074,126
7,0.13,0.57748,126
7,0.14,0.5808,126
7,0.15,0.58396,126
7,0.16,0.58422,126
7,0.17,0.5858,126
7,0.18,0.59054,126
7,0.19,0.5863,126
7,0.2,0.59436,126
7,0.21,0.5985,126
7,0.22,0.59544,126
7,0.23,0.59506,126
7,0.24,0.59766,126
7,0.25,0.59976,126
7,0.26,0.6051,126
7,0.27,0.60536,126
7,0.28,0.60608,126
7,0.29,0.60296,126
7,0.3,0.6079,126
7,0.31,0.605,126
7,0.32,0.6125,126
7,0.33,0.60944,126
7,0.34,0.61392,126
7,0.35,0.61386,126
7,0.36,0.61126,126
7,0.37,0.61212,126
7,0.38,0.61452,126
7,0.39,0.61458,126
7,0.4,0.61892,126
7,0.41,0.61754,126
7,0.42,0.61468,126
7,0.43,0.61598,126
7,0.44,0.61706,126
7,0.45,0.61696,126
7,0.46,0.62286,126
7,0.47,0.6141,126
7,0.48,0.62262,126
7,0.49,0.6196,126
7,0.5,0.62212,126
7,0.51,0.62142,126
7,0.52,0.6234,126
7,0.53,0.62312,126
7,0.54,0.6236,126
7,0.55,0.62426,126
7,0.56,0.62028,126
7,0.5700000000000001,0.62244,126
7,0.58,0.62334,126
7,0.59,0.62332,126
7,0.6,0.62148,126
7,0.61,0.62198,126
7,0.62,0.6217,126
7,0.63,0.62264,126
7,0.64,0.61682,126
7,0.65,0.61878,126
7,0.66,0.61168,126
7,0.67,0.61298,126
7,0.68,0.6183,126
7,0.6900000000000001,0.61204,126
7,0.7000000000000001,0.6145,126
7,0.71,0.61236,126
7,0.72,0.61318,126
7,0.73,0.60962,126
7,0.74,0.61132,126
7,0.75,0.60882,126
7,0.76,0.6024,126
7,0.77,0.60544,126
7,0.78,0.59664,126
7,0.79,0.60424,126
7,0.8,0.59852,126
7,0.81,0.59506,126
7,0.8200000000000001,0.59338,126
7,0.8300000000000001,0.59022,126
7,0.84,0.59108,126
7,0.85,0.58764,126
7,0.86,0.588,126
7,0.87,0.58134,126
7,0.88,0.57836,126
7,0.89,0.57842,126
7,0.9,0.57492,126
7,0.91,0.57478,126
7,0.92,0.56596,126
7,0.93,0.56712,126
7,0.94,0.56198,126
7,0.95,0.56166,126
7,0.96,0.55438,126
7,0.97,0.55284,126
7,0.98,0.55006,126
7,0.99,0.55118,126
7,1.0,0.54444,126
8,0.01,0.54458,140
8,0.02,0.55214,140
8,0.03,0.56182,140
8,0.04,0.5604,140
8,0.05,0.55434,140
8,0.06,0.56008,140
8,0.07,0.56364,140
8,0.08,0.56578,140
8,0.09,0.56768,140
8,0.1,0.56986,140
8,0.11,0.57202,140
8,0.12,0.5794,140
8,0.13,0.57674,140
8,0.14,0.58252,140
8,0.15,0.58004,140
8,0.16,0.58418,140
8,0.17,0.589,140
8,0.18,0.5871,140
8,0.19,0.59382,140
8,0.2,0.59216,140
8,0.21,0.5966,140
8,0.22,0.59624,140
8,0.23,0.59526,140
8,0.24,0.5959,140
8,0.25,0.60084,140
8,0.26,0.60506,140
8,0.27,0.60578,140
8,0.28,0.61146,140
8,0.29,0.60846,140
8,0.3,0.60984,140
8,0.31,0.61228,140
8,0.32,0.60854,140
8,0.33,0.61528,140
8,0.34,0.6116,140
8,0.35,0.61614,140
8,0.36,0.61628,140
8,0.37,0.61654,140
8,0.38,0.61656,140
8,0.39,0.61748,140
8,0.4,0.62082,140
8,0.41,0.61948,140
8,0.42,0.62114,140
8,0.43,0.62524,140
8,0.44,0.62378,140
8,0.45,0.62292,140
8,0.46,0.62348,140
8,0.47,0.62468,140
8,0.48,0.62748,140
8,0.49,0.6261,140
8,0.5,0.63104,140
8,0.51,0.62612,140
8,0.52,0.62484,140
8,0.53,0.62688,140
8,0.54,0.628,140
8,0.55,0.63038,140
8,0.56,0.62662,140
8,0.5700000000000001,0.62736,140
8,0.58,0.6256,140
8,0.59,0.62518,140
8,0.6,0.6237,140
8,0.61,0.62706,140
8,0.62,0.62334,140
8,0.63,0.62252,140
8,0.64,0.6231,140
8,0.65,0.62558,140
8,0.66,0.62134,140
8,0.67,0.62002,140
8,0.68,0.61822,140
8,0.6900000000000001,0.6165,140
8,0.7000000000000001,0.61834,140
8,0.71,0.61738,140
8,0.72,0.61634,140
8,0.73,0.61626,140
8,0.74,0.61356,140
8,0.75,0.60736,140
8,0.76,0.60774,140
8,0.77,0.6058,140
8,0.78,0.60048,140
8,0.79,0.6011,140
8,0.8,0.59832,140
8,0.81,0.59868,140
8,0.8200000000000001,0.59422,140
8,0.8300000000000001,0.59868,140
8,0.84,0.59166,140
8,0.85,0.58758,140
8,0.86,0.5815,140
8,0.87,0.58142,140
8,0.88,0.58156,140
8,0.89,0.57376,140
8,0.9,0.57124,140
8,0.91,0.57342,140
8,0.92,0.56656,140
8,0.93,0.5651,140
8,0.94,0.56356,140
8,0.95,0.55798,140
8,0.96,0.5546,140
8,0.97,0.54828,140
8,0.98,0.54542,140
8,0.99,0.5452,140
8,1.0,0.5361,140
9,0.01,0.54138,153
9,0.02,0.5452,153
9,0.03,0.54646,153
9,0.04,0.54864,153
9,0.05,0.55168,153
9,0.06,0.5579,153
9,0.07,0.56234,153
9,0.08,0.56552,153
9,0.09,0.56468,153
9,0.1,0.57064,153
9,0.11,0.5693,153
9,0.12,0.57266,153
9,0.13,0.57442,153
9,0.14,0.58082,153
9,0.15,0.58496,153
9,0.16,0.58324,153
9,0.17,0.58568,153
9,0.18,0.58822,153
9,0.19,0.58608,153
9,0.2,0.59404,153
9,0.21,0.59844,153
9,0.22,0.5999,153
9,0.23,0.59658,153
9,0.24,0.60014,153
9,0.25,0.60232,153
9,0.26,0.60282,153
9,0.27,0.60184,153
9,0.28,0.60754,153
9,0.29,0.60696,153
9,0.3,0.61108,153
9,0.31,0.61342,153
9,0.32,0.6147,153
9,0.33,0.6158,153
9,0.34,0.61288,153
9,0.35,0.6184,153
9,0.36,0.61966,153
9,0.37,0.61618,153
9,0.38,0.62436,153
9,0.39,0.62502,153
9,0.4,0.61912,153
9,0.41,0.62402,153
9,0.42,0.62606,153
9,0.43,0.62204,153
9,0.44,0.62518,153
9,0.45,0.62228,153
9,0.46,0.62484,153
9,0.47,0.6281,153
9,0.48,0.62676,153
9,0.49,0.63256,153
9,0.5,0.63012,153
9,0.51,0.63264,153
9,0.52,0.63224,153
9,0.53,0.62896,153
9,0.54,0.63198,153
9,0.55,0.63074,153
9,0.56,0.63076,153
9,0.5700000000000001,0.63094,153
9,0.58,0.62866,153
9,0.59,0.63038,153
9,0.6,0.62694,153
9,0.61,0.62794,153
9,0.62,0.62928,153
9,0.63,0.62866,153
9,0.64,0.62746,153
9,0.65,0.62584,153
9,0.66,0.62534,153
9,0.67,0.62316,153
9,0.68,0.62294,153
9,0.6900000000000001,0.62016,153
9,0.7000000000000001,0.61596,153
9,0.71,0.61738,153
9,0.72,0.61524,153
9,0.73,0.61558,153
9,0.74,0.61236,153
9,0.75,0.60952,153
9,0.76,0.61068,153
9,0.77,0.6086,153
9,0.78,0.60166,153
9,0.79,0.6047,153
9,0.8,0.6008,153
9,0.81,0.59972,153
9,0.8200000000000001,0.59414,153
9,0.8300000000000001,0.5859,153
9,0.84,0.58738,153
9,0.85,0.58428,153
9,0.86,0.58232,153
9,0.87,0.58084,153
9,0.88,0.57878,153
9,0.89,0.5713,153
9,0.9,0.56842,153
9,0.91,0.56626,153
9,0.92,0.56282,153
9,0.93,0.55688,153
9,0.94,0.55294,153
9,0.95,0.54806,153
9,0.96,0.54252,153
9,0.97,0.54086,153
9,0.98,0.53834,153
9,0.99,0.53774,153
9,1.0,0.53056,153
10,0.01,0.53384,165
10,0.02,0.54072,165
10,0.03,0.53976,165
10,0.04,0.5451,165
10,0.05,0.5469,165
10,0.06,0.54924,165
10,0.07,0.5548,165
10,0.08,0.55602,165
10,0.09,0.5578,165
10,0.1,0.5634,165
10,0.11,0.56634,165
10,0.12,0.57248,165
10,0.13,0.57434,165
10,0.14,0.57668,165
10,0.15,0.57914,165
10,0.16,0.57808,165
10,0.17,0.5798,165
10,0.18,0.58472,165
10,0.19,0.58562,165
10,0.2,0.59328,165
10,0.21,0.59304,165
10,0.22,0.60164,165
10,0.23,0.59092,165
10,0.24,0.59946,165
10,0.25,0.60254,165
10,0.26,0.60196,165
10,0.27,0.60434,165
10,0.28,0.60476,165
10,0.29,0.60512,165
10,0.3,0.61226,165
10,0.31,0.61318,165
10,0.32,0.61478,165
10,0.33,0.61346,165
10,0.34,0.61354,165
10,0.35,0.61222,165
10,0.36,0.61494,165
10,0.37,0.61772,165
10,0.38,0.61848,165
10,0.39,0.61808,165
10,0.4,0.62182,165
10,0.41,0.6223,165
10,0.42,0.62328,165
10,0.43,0.62804,165
10,0.44,0.6291,165
10,0.45,0.62598,165
10,0.46,0.62858,165
10,0.47,0.62994,165
10,0.48,0.62368,165
10,0.49,0.62696,165
10,0.5,0.6327,165
10,0.51,0.63234,165
10,0.52,0.62896,165
10,0.53,0.63014,165
10,0.54,0.62936,165
10,0.55,0.63186,165
10,0.56,0.62996,165
10,0.5700000000000001,0.63416,165
10,0.58,0.6318,165
10,0.59,0.6312,165
10,0.6,0.62864,165
10,0.61,0.62914,165
10,0.62,0.62794,165
10,0.63,0.62664,165
10,0.64,0.6249,165
10,0.65,0.62708,165
10,0.66,0.62518,165
10,0.67,0.62026,165
10,0.68,0.6226,165
10,0.6900000000000001,0.6196,165
10,0.7000000000000001,0.61872,165
10,0.71,0.61556,165
10,0.72,0.6147,165
10,0.73,0.61672,165
10,0.74,0.61246,165
10,0.75,0.60658,165
10,0.76,0.60812,165
10,0.77,0.60734,165
10,0.78,0.60578,165
10,0.79,0.59894,165
10,0.8,0.59396,165
10,0.81,0.59282,165
10,0.8200000000000001,0.5922,165
10,0.8300000000000001,0.58362,165
10,0.84,0.58546,165
10,0.85,0.58126,165
10,0.86,0.57328,165
10,0.87,0.57258,165
10,0.88,0.56628,165
10,0.89,0.56504,165
10,0.9,0.55802,165
10,0.91,0.55488,165
10,0.92,0.54938,165
10,0.93,0.54882,165
10,0.94,0.54596,165
10,0.95,0.53624,165
10,0.96,0.53414,165
10,0.97,0.531,165
10,0.98,0.52602,165
10,0.99,0.52078,165
10,1.0,0.513,165
11,0.01,0.52284,176
11,0.02,0.52696,176
11,0.03,0.53102,176
11,0.04,0.53436,176
11,0.05,0.54324,176
11,0.06,0.54148,176
11,0.07,0.55048,176
11,0.08,0.54298,176
11,0.09,0.55174,176
11,0.1,0.55956,176
11,0.11,0.5602,176
11,0.12,0.56676,176
11,0.13,0.563,176
11,0.14,0.5693,176
11,0.15,0.5746,176
11,0.16,0.57534,176
11,0.17,0.57916,176
11,0.18,0.58042,176
11,0.19,0.58238,176
11,0.2,0.584,176
11,0.21,0.58916,176
11,0.22,0.58984,176
11,0.23,0.59258,176
11,0.24,0.5961,176
11,0.25,0.59828,176
11,0.26,0.59794,176
11,0.27,0.60264,176
11,0.28,0.60438,176
11,0.29,0.60486,176
11,0.3,0.60692,176
11,0.31,0.60772,176
11,0.32,0.60904,176
11,0.33,0.61148,176
11,0.34,0.61552,176
11,0.35,0.61124,176
11,0.36,0.61916,176
11,0.37,0.61934,176
11,0.38,0.62056,176
11,0.39,0.62278,176
11,0.4,0.6209,176
11,0.41,0.62492,176
11,0.42,0.62442,176
11,0.43,0.62538,176
11,0.44,0.63062,176
11,0.45,0.62938,176
11,0.46,0.62408,176
11,0.47,0.6319,176
11,0.48,0.62798,176
11,0.49,0.628,176
11,0.5,0.62826,176
11,0.51,0.62994,176
11,0.52,0.62984,176
11,0.53,0.63108,176
11,0.54,0.63212,176
11,0.55,0.62882,176
11,0.56,0.62894,176
11,0.5700000000000001,0.62778,176
11,0.58,0.63014,176
11,0.59,0.62914,176
11,0.6,0.63088,176
11,0.61,0.63084,176
11,0.62,0.62308,176
11,0.63,0.62596,176
11,0.64,0.62728,176
11,0.65,0.62658,176
11,0.66,0.62374,176
11,0.67,0.62224,176
11,0.68,0.61908,176
11,0.6900000000000001,0.61808,176
11,0.7000000000000001,0.61372,176
11,0.71,0.61484,176
11,0.72,0.61142,176
11,0.73,0.61254,176
11,0.74,0.60546,176
11,0.75,0.6064,176
11,0.76,0.6025,176
11,0.77,0.5973,176
11,0.78,0.59654,176
11,0.79,0.59164,176
11,0.8,0.59054,176
11,0.81,0.58034,176
11,0.8200000000000001,0.58092,176
11,0.8300000000000001,0.5807,176
11,0.84,0.5722,176
11,0.85,0.57612,176
11,0.86,0.56228,176
11,0.87,0.5618,176
11,0.88,0.56002,176
11,0.89,0.55716,176
11,0.9,0.5532,176
11,0.91,0.54428,176
11,0.92,0.54422,176
11,0.93,0.5334,176
11,0.94,0.5322,176
11,0.95,0.52844,176
11,0.96,0.5194,176
11,0.97,0.51748,176
11,0.98,0.5098,176
11,0.99,0.50472,176
11,1.0,0.49684,176
12,0.01,0.51376,186
12,0.02,0.51928,186
12,0.03,0.52368,186
12,0.04,0.52728,186
12,0.05,0.5335,186
12,0.06,0.53424,186
12,0.07,0.5397,186
12,0.08,0.53946,186
12,0.09,0.54414,186
12,0.1,0.54958,186
12,0.11,0.55304,186
12,0.12,0.55368,186
12,0.13,0.5573,186
12,0.14,0.5623,186
12,0.15,0.57082,186
12,0.16,0.56952,186
12,0.17,0.5761,186
12,0.18,0.57826,186
12,0.19,0.5771,186
12,0.2,0.58048,186
12,0.21,0.57998,186
12,0.22,0.58994,186
12,0.23,0.59196,186
12,0.24,0.5932,186
12,0.25,0.59838,186
12,0.26,0.59712,186
12,0.27,0.60274,186
12,0.28,0.59816,186
12,0.29,0.59988,186
12,0.3,0.60346,186
12,0.31,0.60458,186
12,0.32,0.60976,186
12,0.33,0.6078,186
12,0.34,0.6118,186
12,0.35,0.61438,186
12,0.36,0.61848,186
12,0.37,0.61524,186
12,0.38,0.61646,186
12,0.39,0.6157,186
12,0.4,0.61962,186
12,0.41,0.61906,186
12,0.42,0.624,186
12,0.43,0.62378,186
12,0.44,0.62914,186
12,0.45,0.62604,186
12,0.46,0.62664,186
12,0.47,0.62654,186
12,0.48,0.6259,186
12,0.49,0.62404,186
12,0.5,0.62614,186
12,0.51,0.63046,186
12,0.52,0.6244,186
12,0.53,0.62846,186
12,0.54,0.6278,186
12,0.55,0.62998,186
12,0.56,0.62388,186
12,0.5700000000000001,0.62818,186
12,0.58,0.62562,186
12,0.59,0.62672,186
12,0.6,0.62414,186
12,0.61,0.62546,186
12,0.62,0.62474,186
12,0.63,0.6225,186
12,0.64,0.62238,186
12,0.65,0.61742,186
12,0.66,0.6155,186
12,0.67,0.61862,186
12,0.68,0.61208,186
12,0.6900000000000001,0.61064,186
12,0.7000000000000001,0.61026,186
12,0.71,0.60776,186
12,0.72,0.60416,186
12,0.73,0.60544,186
12,0.74,0.60248,186
12,0.75,0.5951,186
12,0.76,0.59714,186
12,0.77,0.59034,186
12,0.78,0.58486,186
12,0.79,0.58622,186
12,0.8,0.58412,186
12,0.81,0.57194,186
12,0.8200000000000001,0.57404,186
12,0.8300000000000001,0.56766,186
12,0.84,0.5647,186
12,0.85,0.5581,186
12,0.86,0.55624,186
12,0.87,0.55196,186
12,0.88,0.5416,186
12,0.89,0.54476,186
12,0.9,0.53118,186
12,0.91,0.5305,186
12,0.92,0.52588,186
12,0.93,0.52112,186
12,0.94,0.51838,186
12,0.95,0.50938,186
12,0.96,0.5071,186
12,0.97,0.50158,186
12,0.98,0.50176,186
12,0.99,0.49568,186
12,1.0,0.48376,186
13,0.01,0.5002,195
13,0.02,0.50774,195
13,0.03,0.51358,195
13,0.04,0.5172,195
13,0.05,0.5221,195
13,0.06,0.52892,195
13,0.07,0.53152,195
13,0.08,0.53102,195
13,0.09,0.5407,195
13,0.1,0.5396,195
13,0.11,0.54408,195
13,0.12,0.5526,195
13,0.13,0.55384,195
13,0.14,0.5558,195
13,0.15,0.55926,195
13,0.16,0.55882,195
13,0.17,0.56426,195
13,0.18,0.57068,195
13,0.19,0.5814,195
13,0.2,0.5774,195
13,0.21,0.58186,195
13,0.22,0.58394,195
13,0.23,0.58528,195
13,0.24,0.58254,195
13,0.25,0.58874,195
13,0.26,0.58936,195
13,0.27,0.59022,195
13,0.28,0.59542,195
13,0.29,0.59722,195
13,0.3,0.60036,195
13,0.31,0.59876,195
13,0.32,0.60624,195
13,0.33,0.6064,195
13,0.34,0.60942,195
13,0.35,0.60904,195
13,0.36,0.61372,195
13,0.37,0.61302,195
13,0.38,0.61016,195
13,0.39,0.61038,195
13,0.4,0.61594,195
13,0.41,0.61516,195
13,0.42,0.6182,195
13,0.43,0.61932,195
13,0.44,0.62154,195
13,0.45,0.6206,195
13,0.46,0.62298,195
13,0.47,0.62318,195
13,0.48,0.6235,195
13,0.49,0.62704,195
13,0.5,0.62202,195
13,0.51,0.62606,195
13,0.52,0.62482,195
13,0.53,0.6245,195
13,0.54,0.62886,195
13,0.55,0.62268,195
13,0.56,0.62624,195
13,0.5700000000000001,0.62404,195
13,0.58,0.62346,195
13,0.59,0.62112,195
13,0.6,0.62196,195
13,0.61,0.62546,195
13,0.62,0.6209,195
13,0.63,0.61286,195
13,0.64,0.61384,195
13,0.65,0.6137,195
13,0.66,0.61458,195
13,0.67,0.61244,195
13,0.68,0.60786,195
13,0.6900000000000001,0.61002,195
13,0.7000000000000001,0.60456,195
13,0.71,0.59906,195
13,0.72,0.59952,195
13,0.73,0.59444,195
13,0.74,0.59228,195
13,0.75,0.5899,195
13,0.76,0.58758,195
13,0.77,0.57552,195
13,0.78,0.57648,195
13,0.79,0.5707,195
13,0.8,0.56692,195
13,0.81,0.56656,195
13,0.8200000000000001,0.55908,195
13,0.8300000000000001,0.55186,195
13,0.84,0.55152,195
13,0.85,0.54644,195
13,0.86,0.54024,195
13,0.87,0.53508,195
13,0.88,0.53542,195
13,0.89,0.52854,195
13,0.9,0.52238,195
13,0.91,0.5179,195
13,0.92,0.5175,195
13,0.93,0.50534,195
13,0.94,0.50604,195
13,0.95,0.49584,195
13,0.96,0.49258,195
13,0.97,0.49126,195
13,0.98,0.48686,195
13,0.99,0.48134,195
13,1.0,0.4776,195
14,0.01,0.4946,203
14,0.02,0.50014,203
14,0.03,0.50256,203
14,0.04,0.50842,203
14,0.05,0.5133,203
14,0.06,0.51308,203
14,0.07,0.51364,203
14,0.08,0.52144,203
14,0.09,0.5325,203
14,0.1,0.5379,203
14,0.11,0.54052,203
14,0.12,0.54092,203
14,0.13,0.54474,203
14,0.14,0.54816,203
14,0.15,0.54788,203
14,0.16,0.55568,203
14,0.17,0.56334,203
14,0.18,0.56394,203
14,0.19,0.56648,203
14,0.2,0.56624,203
14,0.21,0.57018,203
14,0.22,0.57544,203
14,0.23,0.5822,203
14,0.24,0.57638,203
14,0.25,0.58186,203
14,0.26,0.5854,203
14,0.27,0.58972,203
14,0.28,0.59218,203
14,0.29,0.59436,203
14,0.3,0.5942,203
14,0.31,0.59972,203
14,0.32,0.59936,203
14,0.33,0.60374,203
14,0.34,0.60258,203
14,0.35,0.5992,203
14,0.36,0.61156,203
14,0.37,0.6091,203
14,0.38,0.60668,203
14,0.39,0.60848,203
14,0.4,0.60842,203
14,0.41,0.6131,203
14,0.42,0.61124,203
14,0.43,0.61394,203
14,0.44,0.61808,203
14,0.45,0.61884,203
14,0.46,0.61834,203
14,0.47,0.61766,203
14,0.48,0.62214,203
14,0.49,0.61702,203
14,0.5,0.61814,203
14,0.51,0.61584,203
14,0.52,0.6192,203
14,0.53,0.61742,203
14,0.54,0.61976,203
14,0.55,0.61888,203
14,0.56,0.61782,203
14,0.5700000000000001,0.62082,203
14,0.58,0.61632,203
14,0.59,0.61616,203
14,0.6,0.61526,203
14,0.61,0.61586,203
14,0.62,0.61112,203
14,0.63,0.61104,203
14,0.64,0.61158,203
14,0.65,0.60492,203
14,0.66,0.6064,203
14,0.67,0.6024,203
14,0.68,0.5979,203
14,0.6900000000000001,0.5933,203
14,0.7000000000000001,0.5977,203
14,0.71,0.5916,203
14,0.72,0.58852,203
14,0.73,0.58604,203
14,0.74,0.57924,203
14,0.75,0.5785,203
14,0.76,0.57044,203
14,0.77,0.57134,203
14,0.78,0.56586,203
14,0.79,0.5603,203
14,0.8,0.55518,203
14,0.81,0.5563,203
14,0.8200000000000001,0.54472,203
14,0.8300000000000001,0.5402,203
14,0.84,0.53762,203
14,0.85,0.53126,203
14,0.86,0.53008,203
14,0.87,0.52118,203
14,0.88,0.51842,203
14,0.89,0.51948,203
14,0.9,0.50646,203
14,0.91,0.5072,203
14,0.92,0.5,203
14,0.93,0.49384,203
14,0.94,0.49222,203
14,0.95,0.48548,203
14,0.96,0.48316,203
14,0.97,0.47574,203
14,0.98,0.47926,203
14,0.99,0.47836,203
14,1.0,0.47162,203
15,0.01,0.49002,210
15,0.02,0.49454,210
15,0.03,0.49706,210
15,0.04,0.50324,210
15,0.05,0.50104,210
15,0.06,0.509,210
15,0.07,0.51678,210
15,0.08,0.51784,210
15,0.09,0.52254,210
15,0.1,0.52048,210
15,0.11,0.52886,210
15,0.12,0.5349,210
15,0.13,0.53872,210
15,0.14,0.54488,210
15,0.15,0.5444,210
15,0.16,0.5422,210
15,0.17,0.54352,210
15,0.18,0.55272,210
15,0.19,0.55886,210
15,0.2,0.56022,210
15,0.21,0.56512,210
15,0.22,0.56818,210
15,0.23,0.57124,210
15,0.24,0.57448,210
15,0.25,0.57552,210
15,0.26,0.57764,210
15,0.27,0.58004,210
15,0.28,0.58658,210
15,0.29,0.58746,210
15,0.3,0.58914,210
15,0.31,0.58826,210
15,0.32,0.59026,210
15,0.33,0.59508,210
15,0.34,0.59696,210
15,0.35,0.59694,210
15,0.36,0.60064,210
15,0.37,0.59744,210
15,0.38,0.60278,210
15,0.39,0.60058,210
15,0.4,0.6047,210
15,0.41,0.60392,210
15,0.42,0.60802,210
15,0.43,0.6056,210
15,0.44,0.61084,210
15,0.45,0.61178,210
15,0.46,0.6073,210
15,0.47,0.60922,210
15,0.48,0.6107,210
15,0.49,0.61296,210
15,0.5,0.6141,210
15,0.51,0.61076,210
15,0.52,0.61026,210
15,0.53,0.61192,210
15,0.54,0.61256,210
15,0.55,0.6134,210
15,0.56,0.61082,210
15,0.5700000000000001,0.60798,210
15,0.58,0.60924,210
15,0.59,0.60388,210
15,0.6,0.60662,210
15,0.61,0.6083,210
15,0.62,0.60158,210
15,0.63,0.59864,210
15,0.64,0.60492,210
15,0.65,0.59696,210
15,0.66,0.59876,210
15,0.67,0.59184,210
15,0.68,0.5876,210
15,0.6900000000000001,0.5871,210
15,0.7000000000000001,0.58648,210
15,0.71,0.57984,210
15,0.72,0.57626,210
15,0.73,0.57222,210
15,0.74,0.57002,210
15,0.75,0.56564,210
15,0.76,0.56426,210
15,0.77,0.5588,210
15,0.78,0.55288,210
15,0.79,0.54728,210
15,0.8,0.5359,210
15,0.81,0.5358,210
15,0.8200000000000001,0.52822,210
15,0.8300000000000001,0.5282,210
15,0.84,0.5194,210
15,0.85,0.51882,210
15,0.86,0.512,210
15,0.87,0.51178,210
15,0.88,0.50048,210
15,0.89,0.5039,210
15,0.9,0.49538,210
15,0.91,0.49222,210
15,0.92,0.48856,210
15,0.93,0.48614,210
15,0.94,0.48242,210
15,0.95,0.48022,210
15,0.96,0.47902,210
15,0.97,0.4782,210
15,0.98,0.47144,210
15,0.99,0.47098,210
15,1.0,0.4654,210
16,0.01,0.47788,216
16,0.02,0.48268,216
16,0.03,0.48508,216
16,0.04,0.49422,216
16,0.05,0.49294,216
16,0.06,0.49876,216
16,0.07,0.50452,216
16,0.08,0.51072,216
16,0.09,0.50928,216
16,0.1,0.52022,216
16,0.11,0.52318,216
16,0.12,0.5216,216
16,0.13,0.52752,216
16,0.14,0.52918,216
16,0.15,0.53552,216
16,0.16,0.53746,216
16,0.17,0.54508,216
16,0.18,0.54538,216
16,0.19,0.54768,216
16,0.2,0.55436,216
16,0.21,0.5584,216
16,0.22,0.55898,216
16,0.23,0.56172,216
16,0.24,0.56574,216
16,0.25,0.56904,216
16,0.26,0.56808,216
16,0.27,0.56994,216
16,0.28,0.57524,216
16,0.29,0.57486,216
16,0.3,0.57742,216
16,0.31,0.57702,216
16,0.32,0.58066,216
16,0.33,0.58742,216
16,0.34,0.58586,216
16,0.35,0.58954,216
16,0.36,0.592,216
16,0.37,0.59386,216
16,0.38,0.59604,216
16,0.39,0.59664,216
16,0.4,0.59458,216
16,0.41,0.59818,216
16,0.42,0.60092,216
16,0.43,0.60186,216
16,0.44,0.60018,216
16,0.45,0.60566,216
16,0.46,0.60376,216
16,0.47,0.60116,216
16,0.48,0.60438,216
16,0.49,0.59988,216
16,0.5,0.60532,216
16,0.51,0.6051,216
16,0.52,0.60422,216
16,0.53,0.60312,216
16,0.54,0.60512,216
16,0.55,0.60172,216
16,0.56,0.60208,216
16,0.5700000000000001,0.60278,216
16,0.58,0.60082,216
16,0.59,0.59936,216
16,0.6,0.59486,216
16,0.61,0.59308,216
16,0.62,0.59312,216
16,0.63,0.5897,216
16,0.64,0.58956,216
16,0.65,0.58592,216
16,0.66,0.58062,216
16,0.67,0.58068,216
16,0.68,0.5808,216
16,0.6900000000000001,0.57352,216
16,0.7000000000000001,0.57024,216
16,0.71,0.5658,216
16,0.72,0.55942,216
16,0.73,0.55608,216
16,0.74,0.55344,216
16,0.75,0.54388,216
16,0.76,0.54786,216
16,0.77,0.54142,216
16,0.78,0.5374,216
16,0.79,0.53048,216
16,0.8,0.52268,216
16,0.81,0.5258,216
16,0.8200000000000001,0.52046,216
16,0.8300000000000001,0.5158,216
16,0.84,0.51252,216
16,0.85,0.50738,216
16,0.86,0.5029,216
16,0.87,0.49674,216
16,0.88,0.49104,216
16,0.89,0.48894,216
16,0.9,0.48582,216
16,0.91,0.48522,216
16,0.92,0.48234,216
16,0.93,0.4818,216
16,0.94,0.47644,216
16,0.95,0.47766,216
16,0.96,0.47286,216
16,0.97,0.4768,216
16,0.98,0.46934,216
16,0.99,0.4722,216
16,1.0,0.46938,216
17,0.01,0.47162,221
17,0.02,0.47558,221
17,0.03,0.47896,221
17,0.04,0.48888,221
17,0.05,0.48544,221
17,0.06,0.49522,221
17,0.07,0.4966,221
17,0.08,0.49782,221
17,0.09,0.50402,221
17,0.1,0.50576,221
17,0.11,0.50842,221
17,0.12,0.51518,221
17,0.13,0.52036,221
17,0.14,0.51932,221
17,0.15,0.5256,221
17,0.16,0.52358,221
17,0.17,0.5345,221
17,0.18,0.53508,221
17,0.19,0.53942,221
17,0.2,0.53996,221
17,0.21,0.54328,221
17,0.22,0.54814,221
17,0.23,0.55118,221
17,0.24,0.55424,221
17,0.25,0.55762,221
17,0.26,0.55604,221
17,0.27,0.55812,221
17,0.28,0.5636,221
17,0.29,0.5655,221
17,0.3,0.57344,221
17,0.31,0.56794,221
17,0.32,0.57206,221
17,0.33,0.5761,221
17,0.34,0.56914,221
17,0.35,0.5804,221
17,0.36,0.58194,221
17,0.37,0.58576,221
17,0.38,0.58532,221
17,0.39,0.5882,221
17,0.4,0.5831,221
17,0.41,0.58458,221
17,0.42,0.5902,221
17,0.43,0.59074,221
17,0.44,0.58636,221
17,0.45,0.59416,221
17,0.46,0.58814,221
17,0.47,0.59284,221
17,0.48,0.59564,221
17,0.49,0.59244,221
17,0.5,0.59394,221
17,0.51,0.59592,221
17,0.52,0.5881,221
17,0.53,0.59408,221
17,0.54,0.5909,221
17,0.55,0.59416,221
17,0.56,0.59078,221
17,0.5700000000000001,0.5874,221
17,0.58,0.58472,221
17,0.59,0.58534,221
17,0.6,0.57966,221
17,0.61,0.58482,221
17,0.62,0.58118,221
17,0.63,0.57494,221
17,0.64,0.5683,221
17,0.65,0.57014,221
17,0.66,0.56148,221
17,0.67,0.56916,221
17,0.68,0.56524,221
17,0.6900000000000001,0.56198,221
17,0.7000000000000001,0.55788,221
17,0.71,0.54788,221
17,0.72,0.54622,221
17,0.73,0.53964,221
17,0.74,0.54172,221
17,0.75,0.53772,221
17,0.76,0.532,221
17,0.77,0.52372,221
17,0.78,0.522,221
17,0.79,0.51726,221
17,0.8,0.51256,221
17,0.81,0.51352,221
17,0.8200000000000001,0.50718,221
17,0.8300000000000001,0.50254,221
17,0.84,0.49788,221
17,0.85,0.494,221
17,0.86,0.48998,221
17,0.87,0.49208,221
17,0.88,0.48502,221
17,0.89,0.48266,221
17,0.9,0.48208,221
17,0.91,0.48502,221
17,0.92,0.47852,221
17,0.93,0.47738,221
17,0.94,0.4736,221
17,0.95,0.47802,221
17,0.96,0.47696,221
17,0.97,0.4759,221
17,0.98,0.47866,221
17,0.99,0.47544,221
17,1.0,0.47346,221
18,0.01,0.46862,225
18,0.02,0.47132,225
18,0.03,0.47458,225
18,0.04,0.47908,225
18,0.05,0.48738,225
18,0.06,0.48532,225
18,0.07,0.49182,225
18,0.08,0.49026,225
18,0.09,0.49458,225
18,0.1,0.49858,225
18,0.11,0.5003,225
18,0.12,0.50696,225
18,0.13,0.50536,225
18,0.14,0.51504,225
18,0.15,0.50942,225
18,0.16,0.51394,225
18,0.17,0.52346,225
18,0.18,0.52038,225
18,0.19,0.5244,225
18,0.2,0.5312,225
18,0.21,0.53622,225
18,0.22,0.53396,225
18,0.23,0.53496,225
18,0.24,0.54556,225
18,0.25,0.5422,225
18,0.26,0.54742,225
18,0.27,0.55052,225
18,0.28,0.54868,225
18,0.29,0.55014,225
18,0.3,0.55604,225
18,0.31,0.55852,225
18,0.32,0.55852,225
18,0.33,0.56098,225
18,0.34,0.56208,225
18,0.35,0.56406,225
18,0.36,0.5649,225
18,0.37,0.57264,225
18,0.38,0.571,225
18,0.39,0.5756,225
18,0.4,0.57152,225
18,0.41,0.57632,225
18,0.42,0.5795,225
18,0.43,0.57286,225
18,0.44,0.5769,225
18,0.45,0.57882,225
18,0.46,0.57904,225
18,0.47,0.57828,225
18,0.48,0.57938,225
18,0.49,0.58012,225
18,0.5,0.5778,225
18,0.51,0.57798,225
18,0.52,0.5798,225
18,0.53,0.57616,225
18,0.54,0.57872,225
18,0.55,0.5786,225
18,0.56,0.57044,225
18,0.5700000000000001,0.57536,225
18,0.58,0.57364,225
18,0.59,0.57164,225
18,0.6,0.56578,225
18,0.61,0.56476,225
18,0.62,0.56588,225
18,0.63,0.56024,225
18,0.64,0.55844,225
18,0.65,0.56136,225
18,0.66,0.5542,225
18,0.67,0.54962,225
18,0.68,0.5462,225
18,0.6900000000000001,0.54172,225
18,0.7000000000000001,0.54012,225
18,0.71,0.53708,225
18,0.72,0.5344,225
18,0.73,0.52828,225
18,0.74,0.52446,225
18,0.75,0.51722,225
18,0.76,0.51694,225
18,0.77,0.51174,225
18,0.78,0.5037,225
18,0.79,0.5072,225
18,0.8,0.50312,225
18,0.81,0.50032,225
18,0.8200000000000001,0.49444,225
18,0.8300000000000001,0.49678,225
18,0.84,0.4919,225
18,0.85,0.48772,225
18,0.86,0.49096,225
18,0.87,0.48392,225
18,0.88,0.48442,225
18,0.89,0.48212,225
18,0.9,0.48624,225
18,0.91,0.48516,225
18,0.92,0.4824,225
18,0.93,0.4822,225
18,0.94,0.48092,225
18,0.95,0.47864,225
18,0.96,0.4787,225
18,0.97,0.47982,225
18,0.98,0.4761,225
18,0.99,0.47746,225
18,1.0,0.47718,225
19,0.01,0.46628,228
19,0.02,0.4666,228
19,0.03,0.4725,228
19,0.04,0.4744,228
19,0.05,0.4709,228
19,0.06,0.47658,228
19,0.07,0.47722,228
19,0.08,0.48248,228
19,0.09,0.48636,228
19,0.1,0.48656,228
19,0.11,0.48964,228
19,0.12,0.49014,228
19,0.13,0.49348,228
19,0.14,0.4976,228
19,0.15,0.50136,228
19,0.16,0.51042,228
19,0.17,0.50418,228
19,0.18,0.511,228
19,0.19,0.51444,228
19,0.2,0.51534,228
19,0.21,0.51408,228
19,0.22,0.51536,228
19,0.23,0.525,228
19,0.24,0.52078,228
19,0.25,0.53054,228
19,0.26,0.52582,228
19,0.27,0.53018,228
19,0.28,0.5316,228
19,0.29,0.53954,228
19,0.3,0.54058,228
19,0.31,0.54044,228
19,0.32,0.54242,228
19,0.33,0.5428,228
19,0.34,0.547,228
19,0.35,0.54786,228
19,0.36,0.54892,228
19,0.37,0.55262,228
19,0.38,0.55306,228
19,0.39,0.55398,228
19,0.4,0.55418,228
19,0.41,0.56224,228
19,0.42,0.55998,228
19,0.43,0.55924,228
19,0.44,0.56512,228
19,0.45,0.56332,228
19,0.46,0.55992,228
19,0.47,0.5651,228
19,0.48,0.56174,228
19,0.49,0.56014,228
19,0.5,0.55954,228
19,0.51,0.56356,228
19,0.52,0.56242,228
19,0.53,0.56332,228
19,0.54,0.56116,228
19,0.55,0.55842,228
19,0.56,0.5625,228
19,0.5700000000000001,0.5533,228
19,0.58,0.55878,228
19,0.59,0.55586,228
19,0.6,0.55476,228
19,0.61,0.55308,228
19,0.62,0.54696,228
19,0.63,0.5458,228
19,0.64,0.54226,228
19,0.65,0.5371,228
19,0.66,0.5412,228
19,0.67,0.53046,228
19,0.68,0.53102,228
19,0.6900000000000001,0.52556,228
19,0.7000000000000001,0.52256,228
19,0.71,0.51722,228
19,0.72,0.51324,228
19,0.73,0.51138,228
19,0.74,0.50974,228
19,0.75,0.50732,228
19,0.76,0.50202,228
19,0.77,0.50618,228
19,0.78,0.50102,228
19,0.79,0.49362,228
19,0.8,0.49974,228
19,0.81,0.48962,228
19,0.8200000000000001,0.4946,228
19,0.8300000000000001,0.48734,228
19,0.84,0.48702,228
19,0.85,0.48996,228
19,0.86,0.48512,228
19,0.87,0.48504,228
19,0.88,0.48852,228
19,0.89,0.48844,228
19,0.9,0.48544,228
19,0.91,0.48978,228
19,0.92,0.48574,228
19,0.93,0.48244,228
19,0.94,0.4838,228
19,0.95,0.48978,228
19,0.96,0.4839,228
19,0.97,0.47962,228
19,0.98,0.48148,228
19,0.99,0.48142,228
19,1.0,0.47954,228
20,0.01,0.4628,230
20,0.02,0.46112,230
20,0.03,0.46872,230
20,0.04,0.46912,230
20,0.05,0.47394,230
20,0.06,0.4742,230
20,0.07,0.46908,230
20,0.08,0.47984,230
20,0.09,0.4743,230
20,0.1,0.47712,230
20,0.11,0.48218,230
20,0.12,0.48126,230
20,0.13,0.4885,230
20,0.14,0.49012,230
20,0.15,0.49602,230
20,0.16,0.49384,230
20,0.17,0.49416,230
20,0.18,0.4965,230
20,0.19,0.50186,230
20,0.2,0.50372,230
20,0.21,0.50366,230
20,0.22,0.50408,230
20,0.23,0.50968,230
20,0.24,0.5104,230
20,0.25,0.5153,230
20,0.26,0.51338,230
20,0.27,0.51414,230
20,0.28,0.5179,230
20,0.29,0.5207,230
20,0.3,0.5262,230
20,0.31,0.5203,230
20,0.32,0.5249,230
20,0.33,0.53044,230
20,0.34,0.52662,230
20,0.35,0.53356,230
20,0.36,0.53334,230
20,0.37,0.53096,230
20,0.38,0.5379,230
20,0.39,0.54066,230
20,0.4,0.53524,230
20,0.41,0.54174,230
20,0.42,0.53986,230
20,0.43,0.53944,230
20,0.44,0.54136,230
20,0.45,0.54118,230
20,0.46,0.54636,230
20,0.47,0.53926,230
20,0.48,0.54038,230
20,0.49,0.54386,230
20,0.5,0.54424,230
20,0.51,0.54706,230
20,0.52,0.54802,230
20,0.53,0.54326,230
20,0.54,0.54454,230
20,0.55,0.54566,230
20,0.56,0.5372,230
20,0.5700000000000001,0.53898,230
20,0.58,0.53788,230
20,0.59,0.53398,230
20,0.6,0.52716,230
20,0.61,0.53026,230
20,0.62,0.52952,230
20,0.63,0.52648,230
20,0.64,0.52726,230
20,0.65,0.52156,230
20,0.66,0.51694,230
20,0.67,0.51784,230
20,0.68,0.5105,230
20,0.6900000000000001,0.51382,230
20,0.7000000000000001,0.50176,230
20,0.71,0.50878,230
20,0.72,0.5032,230
20,0.73,0.50086,230
20,0.74,0.50142,230
20,0.75,0.4994,230
20,0.76,0.49544,230
20,0.77,0.49666,230
20,0.78,0.49352,230
20,0.79,0.49348,230
20,0.8,0.49394,230
20,0.81,0.4884,230
20,0.8200000000000001,0.48844,230
20,0.8300000000000001,0.48814,230
20,0.84,0.49022,230
20,0.85,0.48778,230
20,0.86,0.48922,230
20,0.87,0.4875,230
20,0.88,0.48822,230
20,0.89,0.48988,230
20,0.9,0.48636,230
20,0.91,0.48696,230
20,0.92,0.48378,230
20,0.93,0.48968,230
20,0.94,0.48682,230
20,0.95,0.48076,230
20,0.96,0.48632,230
20,0.97,0.4858,230
20,0.98,0.48548,230
20,0.99,0.48564,230
20,1.0,0.48954,230
21,0.01,0.47472,231
21,0.02,0.47194,231
21,0.03,0.47072,231
21,0.04,0.47388,231
21,0.05,0.47514,231
21,0.06,0.4738,231
21,0.07,0.47762,231
21,0.08,0.47336,231
21,0.09,0.47234,231
21,0.1,0.47272,231
21,0.11,0.47542,231
21,0.12,0.48082,231
21,0.13,0.48026,231
21,0.14,0.47966,231
21,0.15,0.4824,231
21,0.16,0.4877,231
21,0.17,0.4873,231
21,0.18,0.48488,231
21,0.19,0.48208,231
21,0.2,0.4902,231
21,0.21,0.48856,231
21,0.22,0.49266,231
21,0.23,0.49294,231
21,0.24,0.4972,231
21,0.25,0.49928,231
21,0.26,0.50398,231
21,0.27,0.49752,231
21,0.28,0.49868,231
21,0.29,0.50622,231
21,0.3,0.50488,231
21,0.31,0.50614,231
21,0.32,0.50462,231
21,0.33,0.50376,231
21,0.34,0.51182,231
21,0.35,0.50922,231
21,0.36,0.51074,231
21,0.37,0.50894,231
21,0.38,0.51346,231
21,0.39,0.51436,231
21,0.4,0.51692,231
21,0.41,0.51928,231
21,0.42,0.51646,231
21,0.43,0.52224,231
21,0.44,0.51838,231
21,0.45,0.5207,231
21,0.46,0.51738,231
21,0.47,0.5209,231
21,0.48,0.52644,231
21,0.49,0.52724,231
21,0.5,0.52602,231
21,0.51,0.52488,231
21,0.52,0.52792,231
21,0.53,0.52356,231
21,0.54,0.52694,231
21,0.55,0.53144,231
21,0.56,0.52432,231
21,0.5700000000000001,0.52532,231
21,0.58,0.52224,231
21,0.59,0.5218,231
21,0.6,0.51726,231
21,0.61,0.52148,231
21,0.62,0.508,231
21,0.63,0.51082,231
21,0.64,0.5058,231
21,0.65,0.50914,231
21,0.66,0.51074,231
21,0.67,0.4971,231
21,0.68,0.4944,231
21,0.6900000000000001,0.49646,231
21,0.7000000000000001,0.49576,231
21,0.71,0.49498,231
21,0.72,0.49462,231
21,0.73,0.49294,231
21,0.74,0.49188,231
21,0.75,0.4936,231
21,0.76,0.49262,231
21,0.77,0.48828,231
21,0.78,0.48726,231
21,0.79,0.4896,231
21,0.8,0.49392,231
21,0.81,0.49332,231
21,0.8200000000000001,0.4902,231
21,0.8300000000000001,0.4915,231
21,0.84,0.49114,231
21,0.85,0.49252,231
21,0.86,0.49144,231
21,0.87,0.48814,231
21,0.88,0.49364,231
21,0.89,0.49262,231
21,0.9,0.48826,231
21,0.91,0.49198,231
21,0.92,0.48718,231
21,0.93,0.4911,231
21,0.94,0.48936,231
21,0.95,0.4924,231
21,0.96,0.48948,231
21,0.97,0.49204,231
21,0.98,0.48974,231
21,0.99,0.48964,231
21,1.0,0.4932,231
