m_barabasi_albert,red_ratio,mafia_win_rate
1,0.01,0.74
1,0.02,0.82
1,0.03,0.76
1,0.04,0.81
1,0.05,0.75
1,0.06,0.76
1,0.07,0.86
1,0.08,0.78
1,0.09,0.77
1,0.1,0.8
1,0.11,0.75
1,0.12,0.77
1,0.13,0.72
1,0.14,0.79
1,0.15,0.73
1,0.16,0.76
1,0.17,0.72
1,0.18,0.75
1,0.19,0.77
1,0.2,0.77
1,0.21,0.76
1,0.22,0.7
1,0.23,0.73
1,0.24,0.8
1,0.25,0.74
1,0.26,0.74
1,0.27,0.76
1,0.28,0.75
1,0.29,0.71
1,0.3,0.8
1,0.31,0.76
1,0.32,0.75
1,0.33,0.74
1,0.34,0.71
1,0.35,0.76
1,0.36,0.75
1,0.37,0.7
1,0.38,0.65
1,0.39,0.71
1,0.4,0.71
1,0.41,0.69
1,0.42,0.63
1,0.43,0.7
1,0.44,0.7
1,0.45,0.67
1,0.46,0.72
1,0.47,0.61
1,0.48,0.63
1,0.49,0.62
1,0.5,0.62
1,0.51,0.68
1,0.52,0.57
1,0.53,0.66
1,0.54,0.67
1,0.55,0.57
1,0.56,0.58
1,0.57,0.58
1,0.58,0.6
1,0.59,0.57
1,0.6,0.53
1,0.61,0.52
1,0.62,0.63
1,0.63,0.46
1,0.64,0.61
1,0.65,0.52
1,0.66,0.5
1,0.67,0.49
1,0.68,0.46
1,0.69,0.49
1,0.7,0.5
1,0.71,0.46
1,0.72,0.53
1,0.73,0.51
1,0.74,0.45
1,0.75,0.54
1,0.76,0.49
1,0.77,0.4
1,0.78,0.42
1,0.79,0.51
1,0.8,0.45
1,0.81,0.37
1,0.82,0.35
1,0.83,0.39
1,0.84,0.38
1,0.85,0.46
1,0.86,0.33
1,0.87,0.42
1,0.88,0.33
1,0.89,0.31
1,0.9,0.27
1,0.91,0.4
1,0.92,0.33
1,0.93,0.35
1,0.94,0.31
1,0.95,0.33
1,0.96,0.25
1,0.97,0.34
1,0.98,0.29
1,0.99,0.33
1,1.0,0.28
2,0.01,0.76
2,0.02,0.81
2,0.03,0.76
2,0.04,0.75
2,0.05,0.78
2,0.06,0.79
2,0.07,0.8
2,0.08,0.81
2,0.09,0.7
2,0.1,0.72
2,0.11,0.79
2,0.12,0.8
2,0.13,0.76
2,0.14,0.79
2,0.15,0.77
2,0.16,0.79
2,0.17,0.75
2,0.18,0.7
2,0.19,0.75
2,0.2,0.74
2,0.21,0.74
2,0.22,0.75
2,0.23,0.73
2,0.24,0.78
2,0.25,0.76
2,0.26,0.76
2,0.27,0.71
2,0.28,0.74
2,0.29,0.74
2,0.3,0.78
2,0.31,0.71
2,0.32,0.66
2,0.33,0.67
2,0.34,0.74
2,0.35,0.7
2,0.36,0.79
2,0.37,0.66
2,0.38,0.74
2,0.39,0.69
2,0.4,0.67
2,0.41,0.69
2,0.42,0.75
2,0.43,0.73
2,0.44,0.73
2,0.45,0.69
2,0.46,0.64
2,0.47,0.67
2,0.48,0.58
2,0.49,0.63
2,0.5,0.72
2,0.51,0.58
2,0.52,0.65
2,0.53,0.66
2,0.54,0.64
2,0.55,0.65
2,0.56,0.6
2,0.57,0.67
2,0.58,0.58
2,0.59,0.59
2,0.6,0.55
2,0.61,0.54
2,0.62,0.54
2,0.63,0.57
2,0.64,0.54
2,0.65,0.59
2,0.66,0.59
2,0.67,0.53
2,0.68,0.53
2,0.69,0.54
2,0.7,0.45
2,0.71,0.57
2,0.72,0.49
2,0.73,0.51
2,0.74,0.49
2,0.75,0.47
2,0.76,0.46
2,0.77,0.33
2,0.78,0.46
2,0.79,0.4
2,0.8,0.41
2,0.81,0.31
2,0.82,0.43
2,0.83,0.43
2,0.84,0.33
2,0.85,0.37
2,0.86,0.35
2,0.87,0.32
2,0.88,0.34
2,0.89,0.4
2,0.9,0.29
2,0.91,0.33
2,0.92,0.33
2,0.93,0.26
2,0.94,0.32
2,0.95,0.33
2,0.96,0.28
2,0.97,0.28
2,0.98,0.38
2,0.99,0.29
2,1.0,0.3
3,0.01,0.8
3,0.02,0.78
3,0.03,0.81
3,0.04,0.72
3,0.05,0.78
3,0.06,0.77
3,0.07,0.69
3,0.08,0.72
3,0.09,0.75
3,0.1,0.8
3,0.11,0.72
3,0.12,0.8
3,0.13,0.77
3,0.14,0.72
3,0.15,0.87
3,0.16,0.79
3,0.17,0.73
3,0.18,0.76
3,0.19,0.74
3,0.2,0.73
3,0.21,0.81
3,0.22,0.74
3,0.23,0.79
3,0.24,0.71
3,0.25,0.71
3,0.26,0.76
3,0.27,0.66
3,0.28,0.77
3,0.29,0.78
3,0.3,0.73
3,0.31,0.78
3,0.32,0.81
3,0.33,0.77
3,0.34,0.67
3,0.35,0.73
3,0.36,0.75
3,0.37,0.65
3,0.38,0.71
3,0.39,0.66
3,0.4,0.65
3,0.41,0.7
3,0.42,0.68
3,0.43,0.65
3,0.44,0.63
3,0.45,0.75
3,0.46,0.66
3,0.47,0.63
3,0.48,0.64
3,0.49,0.67
3,0.5,0.6
3,0.51,0.65
3,0.52,0.75
3,0.53,0.6
3,0.54,0.58
3,0.55,0.75
3,0.56,0.76
3,0.57,0.67
3,0.58,0.56
3,0.59,0.58
3,0.6,0.53
3,0.61,0.59
3,0.62,0.64
3,0.63,0.53
3,0.64,0.5
3,0.65,0.55
3,0.66,0.58
3,0.67,0.53
3,0.68,0.55
3,0.69,0.57
3,0.7,0.57
3,0.71,0.57
3,0.72,0.5
3,0.73,0.54
3,0.74,0.48
3,0.75,0.52
3,0.76,0.4
3,0.77,0.49
3,0.78,0.46
3,0.79,0.55
3,0.8,0.47
3,0.81,0.45
3,0.82,0.39
3,0.83,0.4
3,0.84,0.46
3,0.85,0.45
3,0.86,0.38
3,0.87,0.48
3,0.88,0.4
3,0.89,0.39
3,0.9,0.3
3,0.91,0.33
3,0.92,0.36
3,0.93,0.31
3,0.94,0.37
3,0.95,0.37
3,0.96,0.29
3,0.97,0.36
3,0.98,0.39
3,0.99,0.3
3,1.0,0.25
4,0.01,0.71
4,0.02,0.71
4,0.03,0.78
4,0.04,0.74
4,0.05,0.73
4,0.06,0.75
4,0.07,0.7
4,0.08,0.73
4,0.09,0.74
4,0.1,0.8
4,0.11,0.74
4,0.12,0.8
4,0.13,0.75
4,0.14,0.7
4,0.15,0.77
4,0.16,0.75
4,0.17,0.7
4,0.18,0.78
4,0.19,0.67
4,0.2,0.74
4,0.21,0.72
4,0.22,0.74
4,0.23,0.71
4,0.24,0.71
4,0.25,0.68
4,0.26,0.66
4,0.27,0.7
4,0.28,0.7
4,0.29,0.71
4,0.3,0.68
4,0.31,0.6
4,0.32,0.77
4,0.33,0.75
4,0.34,0.68
4,0.35,0.7
4,0.36,0.64
4,0.37,0.82
4,0.38,0.75
4,0.39,0.65
4,0.4,0.68
4,0.41,0.57
4,0.42,0.67
4,0.43,0.71
4,0.44,0.7
4,0.45,0.71
4,0.46,0.71
4,0.47,0.69
4,0.48,0.59
4,0.49,0.56
4,0.5,0.74
4,0.51,0.65
4,0.52,0.66
4,0.53,0.6
4,0.54,0.67
4,0.55,0.64
4,0.56,0.65
4,0.57,0.51
4,0.58,0.58
4,0.59,0.63
4,0.6,0.68
4,0.61,0.64
4,0.62,0.62
4,0.63,0.61
4,0.64,0.52
4,0.65,0.53
4,0.66,0.48
4,0.67,0.62
4,0.68,0.57
4,0.69,0.57
4,0.7,0.62
4,0.71,0.53
4,0.72,0.56
4,0.73,0.5
4,0.74,0.52
4,0.75,0.59
4,0.76,0.6
4,0.77,0.46
4,0.78,0.52
4,0.79,0.42
4,0.8,0.44
4,0.81,0.43
4,0.82,0.43
4,0.83,0.44
4,0.84,0.45
4,0.85,0.5
4,0.86,0.49
4,0.87,0.47
4,0.88,0.43
4,0.89,0.39
4,0.9,0.45
4,0.91,0.42
4,0.92,0.43
4,0.93,0.32
4,0.94,0.38
4,0.95,0.45
4,0.96,0.4
4,0.97,0.36
4,0.98,0.35
4,0.99,0.33
4,1.0,0.38
5,0.01,0.64
5,0.02,0.76
5,0.03,0.69
5,0.04,0.73
5,0.05,0.74
5,0.06,0.77
5,0.07,0.71
5,0.08,0.76
5,0.09,0.69
5,0.1,0.78
5,0.11,0.67
5,0.12,0.84
5,0.13,0.69
5,0.14,0.71
5,0.15,0.71
5,0.16,0.68
5,0.17,0.73
5,0.18,0.79
5,0.19,0.75
5,0.2,0.75
5,0.21,0.79
5,0.22,0.72
5,0.23,0.65
5,0.24,0.73
5,0.25,0.74
5,0.26,0.74
5,0.27,0.65
5,0.28,0.71
5,0.29,0.71
5,0.3,0.66
5,0.31,0.79
5,0.32,0.71
5,0.33,0.74
5,0.34,0.78
5,0.35,0.72
5,0.36,0.75
5,0.37,0.7
5,0.38,0.69
5,0.39,0.69
5,0.4,0.69
5,0.41,0.54
5,0.42,0.66
5,0.43,0.66
5,0.44,0.78
5,0.45,0.74
5,0.46,0.77
5,0.47,0.63
5,0.48,0.72
5,0.49,0.64
5,0.5,0.58
5,0.51,0.64
5,0.52,0.69
5,0.53,0.71
5,0.54,0.65
5,0.55,0.62
5,0.56,0.59
5,0.57,0.68
5,0.58,0.55
5,0.59,0.64
5,0.6,0.5
5,0.61,0.61
5,0.62,0.66
5,0.63,0.66
5,0.64,0.72
5,0.65,0.63
5,0.66,0.57
5,0.67,0.49
5,0.68,0.51
5,0.69,0.59
5,0.7,0.53
5,0.71,0.54
5,0.72,0.61
5,0.73,0.47
5,0.74,0.58
5,0.75,0.58
5,0.76,0.51
5,0.77,0.51
5,0.78,0.53
5,0.79,0.56
5,0.8,0.57
5,0.81,0.45
5,0.82,0.5
5,0.83,0.46
5,0.84,0.55
5,0.85,0.47
5,0.86,0.53
5,0.87,0.42
5,0.88,0.5
5,0.89,0.54
5,0.9,0.37
5,0.91,0.35
5,0.92,0.31
5,0.93,0.44
5,0.94,0.36
5,0.95,0.32
5,0.96,0.39
5,0.97,0.38
5,0.98,0.35
5,0.99,0.33
5,1.0,0.45
6,0.01,0.7
6,0.02,0.73
6,0.03,0.73
6,0.04,0.77
6,0.05,0.63
6,0.06,0.65
6,0.07,0.62
6,0.08,0.67
6,0.09,0.71
6,0.1,0.64
6,0.11,0.8
6,0.12,0.67
6,0.13,0.74
6,0.14,0.68
6,0.15,0.62
6,0.16,0.71
6,0.17,0.72
6,0.18,0.73
6,0.19,0.76
6,0.2,0.77
6,0.21,0.63
6,0.22,0.64
6,0.23,0.66
6,0.24,0.68
6,0.25,0.67
6,0.26,0.77
6,0.27,0.7
6,0.28,0.75
6,0.29,0.7
6,0.3,0.64
6,0.31,0.61
6,0.32,0.76
6,0.33,0.76
6,0.34,0.67
6,0.35,0.72
6,0.36,0.63
6,0.37,0.66
6,0.38,0.74
6,0.39,0.63
6,0.4,0.7
6,0.41,0.67
6,0.42,0.76
6,0.43,0.73
6,0.44,0.7
6,0.45,0.7
6,0.46,0.72
6,0.47,0.63
6,0.48,0.64
6,0.49,0.7
6,0.5,0.7
6,0.51,0.66
6,0.52,0.72
6,0.53,0.64
6,0.54,0.69
6,0.55,0.64
6,0.56,0.6
6,0.57,0.63
6,0.58,0.61
6,0.59,0.57
6,0.6,0.59
6,0.61,0.66
6,0.62,0.68
6,0.63,0.55
6,0.64,0.69
6,0.65,0.54
6,0.66,0.56
6,0.67,0.44
6,0.68,0.56
6,0.69,0.57
6,0.7,0.65
6,0.71,0.57
6,0.72,0.55
6,0.73,0.61
6,0.74,0.54
6,0.75,0.51
6,0.76,0.44
6,0.77,0.41
6,0.78,0.53
6,0.79,0.55
6,0.8,0.46
6,0.81,0.47
6,0.82,0.45
6,0.83,0.48
6,0.84,0.56
6,0.85,0.5
6,0.86,0.45
6,0.87,0.37
6,0.88,0.45
6,0.89,0.52
6,0.9,0.44
6,0.91,0.46
6,0.92,0.41
6,0.93,0.38
6,0.94,0.44
6,0.95,0.51
6,0.96,0.33
6,0.97,0.5
6,0.98,0.43
6,0.99,0.47
6,1.0,0.45
7,0.01,0.62
7,0.02,0.71
7,0.03,0.71
7,0.04,0.69
7,0.05,0.64
7,0.06,0.68
7,0.07,0.74
7,0.08,0.6
7,0.09,0.68
7,0.1,0.7
7,0.11,0.71
7,0.12,0.6
7,0.13,0.66
7,0.14,0.7
7,0.15,0.78
7,0.16,0.68
7,0.17,0.56
7,0.18,0.68
7,0.19,0.68
7,0.2,0.71
7,0.21,0.61
7,0.22,0.67
7,0.23,0.74
7,0.24,0.65
7,0.25,0.61
7,0.26,0.73
7,0.27,0.66
7,0.28,0.71
7,0.29,0.68
7,0.3,0.7
7,0.31,0.73
7,0.32,0.7
7,0.33,0.68
7,0.34,0.71
7,0.35,0.73
7,0.36,0.72
7,0.37,0.69
7,0.38,0.65
7,0.39,0.69
7,0.4,0.7
7,0.41,0.68
7,0.42,0.64
7,0.43,0.63
7,0.44,0.75
7,0.45,0.73
7,0.46,0.61
7,0.47,0.66
7,0.48,0.62
7,0.49,0.67
7,0.5,0.64
7,0.51,0.66
7,0.52,0.58
7,0.53,0.6
7,0.54,0.56
7,0.55,0.6
7,0.56,0.63
7,0.57,0.64
7,0.58,0.63
7,0.59,0.57
7,0.6,0.6
7,0.61,0.58
7,0.62,0.58
7,0.63,0.66
7,0.64,0.63
7,0.65,0.64
7,0.66,0.61
7,0.67,0.62
7,0.68,0.64
7,0.69,0.47
7,0.7,0.55
7,0.71,0.53
7,0.72,0.55
7,0.73,0.63
7,0.74,0.5
7,0.75,0.55
7,0.76,0.49
7,0.77,0.53
7,0.78,0.56
7,0.79,0.54
7,0.8,0.55
7,0.81,0.57
7,0.82,0.53
7,0.83,0.49
7,0.84,0.55
7,0.85,0.56
7,0.86,0.47
7,0.87,0.45
7,0.88,0.53
7,0.89,0.48
7,0.9,0.5
7,0.91,0.4
7,0.92,0.45
7,0.93,0.53
7,0.94,0.5
7,0.95,0.38
7,0.96,0.4
7,0.97,0.43
7,0.98,0.49
7,0.99,0.44
7,1.0,0.43
8,0.01,0.73
8,0.02,0.65
8,0.03,0.76
8,0.04,0.61
8,0.05,0.66
8,0.06,0.68
8,0.07,0.63
8,0.08,0.62
8,0.09,0.65
8,0.1,0.67
8,0.11,0.68
8,0.12,0.66
8,0.13,0.74
8,0.14,0.74
8,0.15,0.7
8,0.16,0.7
8,0.17,0.7
8,0.18,0.69
8,0.19,0.64
8,0.2,0.69
8,0.21,0.68
8,0.22,0.69
8,0.23,0.67
8,0.24,0.7
8,0.25,0.65
8,0.26,0.73
8,0.27,0.72
8,0.28,0.67
8,0.29,0.72
8,0.3,0.6
8,0.31,0.65
8,0.32,0.65
8,0.33,0.65
8,0.34,0.67
8,0.35,0.7
8,0.36,0.69
8,0.37,0.72
8,0.38,0.61
8,0.39,0.66
8,0.4,0.68
8,0.41,0.61
8,0.42,0.58
8,0.43,0.66
8,0.44,0.73
8,0.45,0.67
8,0.46,0.71
8,0.47,0.7
8,0.48,0.67
8,0.49,0.63
8,0.5,0.64
8,0.51,0.68
8,0.52,0.6
8,0.53,0.65
8,0.54,0.68
8,0.55,0.69
8,0.56,0.62
8,0.57,0.54
8,0.58,0.6
8,0.59,0.58
8,0.6,0.73
8,0.61,0.67
8,0.62,0.62
8,0.63,0.48
8,0.64,0.63
8,0.65,0.68
8,0.66,0.61
8,0.67,0.5
8,0.68,0.6
8,0.69,0.54
8,0.7,0.6
8,0.71,0.52
8,0.72,0.54
8,0.73,0.57
8,0.74,0.68
8,0.75,0.59
8,0.76,0.49
8,0.77,0.55
8,0.78,0.54
8,0.79,0.47
8,0.8,0.55
8,0.81,0.37
8,0.82,0.45
8,0.83,0.56
8,0.84,0.5
8,0.85,0.57
8,0.86,0.54
8,0.87,0.46
8,0.88,0.53
8,0.89,0.53
8,0.9,0.54
8,0.91,0.48
8,0.92,0.41
8,0.93,0.43
8,0.94,0.46
8,0.95,0.38
8,0.96,0.35
8,0.97,0.41
8,0.98,0.48
8,0.99,0.49
8,1.0,0.35
9,0.01,0.61
9,0.02,0.63
9,0.03,0.65
9,0.04,0.6
9,0.05,0.62
9,0.06,0.62
9,0.07,0.6
9,0.08,0.66
9,0.09,0.7
9,0.1,0.73
9,0.11,0.65
9,0.12,0.65
9,0.13,0.69
9,0.14,0.72
9,0.15,0.68
9,0.16,0.68
9,0.17,0.64
9,0.18,0.58
9,0.19,0.74
9,0.2,0.6
9,0.21,0.73
9,0.22,0.67
9,0.23,0.61
9,0.24,0.71
9,0.25,0.75
9,0.26,0.69
9,0.27,0.63
9,0.28,0.71
9,0.29,0.74
9,0.3,0.64
9,0.31,0.69
9,0.32,0.71
9,0.33,0.74
9,0.34,0.74
9,0.35,0.73
9,0.36,0.72
9,0.37,0.7
9,0.38,0.67
9,0.39,0.68
9,0.4,0.65
9,0.41,0.71
9,0.42,0.71
9,0.43,0.6
9,0.44,0.6
9,0.45,0.64
9,0.46,0.56
9,0.47,0.75
9,0.48,0.61
9,0.49,0.73
9,0.5,0.64
9,0.51,0.62
9,0.52,0.62
9,0.53,0.55
9,0.54,0.66
9,0.55,0.63
9,0.56,0.6
9,0.57,0.63
9,0.58,0.63
9,0.59,0.64
9,0.6,0.61
9,0.61,0.64
9,0.62,0.62
9,0.63,0.61
9,0.64,0.64
9,0.65,0.7
9,0.66,0.49
9,0.67,0.67
9,0.68,0.62
9,0.69,0.61
9,0.7,0.51
9,0.71,0.65
9,0.72,0.55
9,0.73,0.66
9,0.74,0.55
9,0.75,0.54
9,0.76,0.54
9,0.77,0.56
9,0.78,0.48
9,0.79,0.54
9,0.8,0.54
9,0.81,0.49
9,0.82,0.47
9,0.83,0.56
9,0.84,0.48
9,0.85,0.39
9,0.86,0.52
9,0.87,0.44
9,0.88,0.48
9,0.89,0.39
9,0.9,0.48
9,0.91,0.37
9,0.92,0.5
9,0.93,0.48
9,0.94,0.52
9,0.95,0.48
9,0.96,0.4
9,0.97,0.38
9,0.98,0.4
9,0.99,0.43
9,1.0,0.5
10,0.01,0.67
10,0.02,0.61
10,0.03,0.72
10,0.04,0.68
10,0.05,0.59
10,0.06,0.63
10,0.07,0.59
10,0.08,0.68
10,0.09,0.62
10,0.1,0.65
10,0.11,0.73
10,0.12,0.79
10,0.13,0.66
10,0.14,0.65
10,0.15,0.66
10,0.16,0.59
10,0.17,0.59
10,0.18,0.65
10,0.19,0.64
10,0.2,0.64
10,0.21,0.67
10,0.22,0.7
10,0.23,0.61
10,0.24,0.67
10,0.25,0.71
10,0.26,0.72
10,0.27,0.69
10,0.28,0.61
10,0.29,0.66
10,0.3,0.6
10,0.31,0.75
10,0.32,0.62
10,0.33,0.65
10,0.34,0.73
10,0.35,0.66
10,0.36,0.62
10,0.37,0.74
10,0.38,0.7
10,0.39,0.65
10,0.4,0.61
10,0.41,0.69
10,0.42,0.72
10,0.43,0.67
10,0.44,0.72
10,0.45,0.69
10,0.46,0.69
10,0.47,0.63
10,0.48,0.66
10,0.49,0.73
10,0.5,0.65
10,0.51,0.71
10,0.52,0.66
10,0.53,0.63
10,0.54,0.68
10,0.55,0.63
10,0.56,0.72
10,0.57,0.53
10,0.58,0.65
10,0.59,0.68
10,0.6,0.55
10,0.61,0.62
10,0.62,0.65
10,0.63,0.6
10,0.64,0.74
10,0.65,0.64
10,0.66,0.68
10,0.67,0.63
10,0.68,0.61
10,0.69,0.54
10,0.7,0.59
10,0.71,0.59
10,0.72,0.64
10,0.73,0.59
10,0.74,0.6
10,0.75,0.61
10,0.76,0.59
10,0.77,0.57
10,0.78,0.6
10,0.79,0.46
10,0.8,0.53
10,0.81,0.54
10,0.82,0.49
10,0.83,0.49
10,0.84,0.54
10,0.85,0.48
10,0.86,0.53
10,0.87,0.51
10,0.88,0.49
10,0.89,0.51
10,0.9,0.51
10,0.91,0.49
10,0.92,0.52
10,0.93,0.38
10,0.94,0.51
10,0.95,0.51
10,0.96,0.44
10,0.97,0.42
10,0.98,0.46
10,0.99,0.43
10,1.0,0.42
11,0.01,0.66
11,0.02,0.62
11,0.03,0.64
11,0.04,0.58
11,0.05,0.6
11,0.06,0.63
11,0.07,0.66
11,0.08,0.67
11,0.09,0.6
11,0.1,0.6
11,0.11,0.65
11,0.12,0.66
11,0.13,0.63
11,0.14,0.56
11,0.15,0.59
11,0.16,0.58
11,0.17,0.55
11,0.18,0.6
11,0.19,0.58
11,0.2,0.67
11,0.21,0.63
11,0.22,0.66
11,0.23,0.72
11,0.24,0.65
11,0.25,0.67
11,0.26,0.72
11,0.27,0.68
11,0.28,0.69
11,0.29,0.61
11,0.3,0.67
11,0.31,0.69
11,0.32,0.73
11,0.33,0.67
11,0.34,0.72
11,0.35,0.8
11,0.36,0.61
11,0.37,0.64
11,0.38,0.68
11,0.39,0.74
11,0.4,0.64
11,0.41,0.75
11,0.42,0.67
11,0.43,0.65
11,0.44,0.65
11,0.45,0.61
11,0.46,0.67
11,0.47,0.61
11,0.48,0.66
11,0.49,0.63
11,0.5,0.6
11,0.51,0.6
11,0.52,0.69
11,0.53,0.56
11,0.54,0.64
11,0.55,0.56
11,0.56,0.74
11,0.57,0.64
11,0.58,0.57
11,0.59,0.61
11,0.6,0.54
11,0.61,0.6
11,0.62,0.63
11,0.63,0.48
11,0.64,0.59
11,0.65,0.53
11,0.66,0.63
11,0.67,0.63
11,0.68,0.56
11,0.69,0.66
11,0.7,0.59
11,0.71,0.61
11,0.72,0.58
11,0.73,0.54
11,0.74,0.54
11,0.75,0.56
11,0.76,0.53
11,0.77,0.51
11,0.78,0.53
11,0.79,0.57
11,0.8,0.54
11,0.81,0.56
11,0.82,0.58
11,0.83,0.5
11,0.84,0.46
11,0.85,0.5
11,0.86,0.46
11,0.87,0.51
11,0.88,0.52
11,0.89,0.52
11,0.9,0.45
11,0.91,0.41
11,0.92,0.4
11,0.93,0.5
11,0.94,0.39
11,0.95,0.43
11,0.96,0.44
11,0.97,0.43
11,0.98,0.47
11,0.99,0.47
11,1.0,0.46
12,0.01,0.54
12,0.02,0.58
12,0.03,0.66
12,0.04,0.52
12,0.05,0.62
12,0.06,0.63
12,0.07,0.59
12,0.08,0.61
12,0.09,0.65
12,0.1,0.7
12,0.11,0.74
12,0.12,0.6
12,0.13,0.62
12,0.14,0.69
12,0.15,0.66
12,0.16,0.63
12,0.17,0.59
12,0.18,0.67
12,0.19,0.62
12,0.2,0.69
12,0.21,0.66
12,0.22,0.66
12,0.23,0.67
12,0.24,0.76
12,0.25,0.72
12,0.26,0.77
12,0.27,0.65
12,0.28,0.62
12,0.29,0.66
12,0.3,0.65
12,0.31,0.73
12,0.32,0.7
12,0.33,0.74
12,0.34,0.68
12,0.35,0.63
12,0.36,0.7
12,0.37,0.76
12,0.38,0.63
12,0.39,0.68
12,0.4,0.74
12,0.41,0.65
12,0.42,0.58
12,0.43,0.62
12,0.44,0.69
12,0.45,0.69
12,0.46,0.69
12,0.47,0.63
12,0.48,0.67
12,0.49,0.57
12,0.5,0.64
12,0.51,0.68
12,0.52,0.58
12,0.53,0.69
12,0.54,0.68
12,0.55,0.66
12,0.56,0.68
12,0.57,0.63
12,0.58,0.7
12,0.59,0.63
12,0.6,0.59
12,0.61,0.64
12,0.62,0.67
12,0.63,0.67
12,0.64,0.61
12,0.65,0.68
12,0.66,0.65
12,0.67,0.66
12,0.68,0.62
12,0.69,0.59
12,0.7,0.43
12,0.71,0.62
12,0.72,0.47
12,0.73,0.54
12,0.74,0.56
12,0.75,0.56
12,0.76,0.51
12,0.77,0.52
12,0.78,0.48
12,0.79,0.46
12,0.8,0.5
12,0.81,0.56
12,0.82,0.49
12,0.83,0.56
12,0.84,0.46
12,0.85,0.43
12,0.86,0.48
12,0.87,0.44
12,0.88,0.48
12,0.89,0.51
12,0.9,0.41
12,0.91,0.43
12,0.92,0.51
12,0.93,0.38
12,0.94,0.44
12,0.95,0.53
12,0.96,0.52
12,0.97,0.43
12,0.98,0.4
12,0.99,0.47
12,1.0,0.41
13,0.01,0.66
13,0.02,0.66
13,0.03,0.74
13,0.04,0.64
13,0.05,0.6
13,0.06,0.56
13,0.07,0.66
13,0.08,0.65
13,0.09,0.61
13,0.1,0.74
13,0.11,0.68
13,0.12,0.69
13,0.13,0.7
13,0.14,0.72
13,0.15,0.61
13,0.16,0.64
13,0.17,0.62
13,0.18,0.59
13,0.19,0.69
13,0.2,0.69
13,0.21,0.74
13,0.22,0.7
13,0.23,0.75
13,0.24,0.61
13,0.25,0.68
13,0.26,0.7
13,0.27,0.64
13,0.28,0.7
13,0.29,0.68
13,0.3,0.63
13,0.31,0.69
13,0.32,0.71
13,0.33,0.68
13,0.34,0.71
13,0.35,0.76
13,0.36,0.7
13,0.37,0.62
13,0.38,0.66
13,0.39,0.7
13,0.4,0.67
13,0.41,0.75
13,0.42,0.64
13,0.43,0.73
13,0.44,0.71
13,0.45,0.68
13,0.46,0.7
13,0.47,0.7
13,0.48,0.67
13,0.49,0.72
13,0.5,0.69
13,0.51,0.73
13,0.52,0.7
13,0.53,0.57
13,0.54,0.77
13,0.55,0.63
13,0.56,0.73
13,0.57,0.69
13,0.58,0.64
13,0.59,0.71
13,0.6,0.61
13,0.61,0.57
13,0.62,0.7
13,0.63,0.65
13,0.64,0.65
13,0.65,0.59
13,0.66,0.68
13,0.67,0.58
13,0.68,0.67
13,0.69,0.58
13,0.7,0.57
13,0.71,0.59
13,0.72,0.6
13,0.73,0.51
13,0.74,0.57
13,0.75,0.47
13,0.76,0.45
13,0.77,0.51
13,0.78,0.47
13,0.79,0.46
13,0.8,0.54
13,0.81,0.44
13,0.82,0.56
13,0.83,0.58
13,0.84,0.4
13,0.85,0.44
13,0.86,0.4
13,0.87,0.41
13,0.88,0.48
13,0.89,0.42
13,0.9,0.37
13,0.91,0.34
13,0.92,0.43
13,0.93,0.43
13,0.94,0.38
13,0.95,0.48
13,0.96,0.43
13,0.97,0.43
13,0.98,0.37
13,0.99,0.38
13,1.0,0.32
14,0.01,0.6
14,0.02,0.6
14,0.03,0.64
14,0.04,0.64
14,0.05,0.67
14,0.06,0.66
14,0.07,0.65
14,0.08,0.61
14,0.09,0.67
14,0.1,0.67
14,0.11,0.7
14,0.12,0.72
14,0.13,0.72
14,0.14,0.62
14,0.15,0.62
14,0.16,0.64
14,0.17,0.79
14,0.18,0.65
14,0.19,0.66
14,0.2,0.69
14,0.21,0.76
14,0.22,0.7
14,0.23,0.62
14,0.24,0.69
14,0.25,0.68
14,0.26,0.68
14,0.27,0.69
14,0.28,0.71
14,0.29,0.81
14,0.3,0.68
14,0.31,0.66
14,0.32,0.6
14,0.33,0.68
14,0.34,0.65
14,0.35,0.64
14,0.36,0.74
14,0.37,0.62
14,0.38,0.7
14,0.39,0.72
14,0.4,0.74
14,0.41,0.64
14,0.42,0.73
14,0.43,0.76
14,0.44,0.75
14,0.45,0.64
14,0.46,0.7
14,0.47,0.74
14,0.48,0.72
14,0.49,0.75
14,0.5,0.68
14,0.51,0.6
14,0.52,0.72
14,0.53,0.7
14,0.54,0.67
14,0.55,0.57
14,0.56,0.7
14,0.57,0.65
14,0.58,0.69
14,0.59,0.58
14,0.6,0.63
14,0.61,0.59
14,0.62,0.61
14,0.63,0.65
14,0.64,0.56
14,0.65,0.54
14,0.66,0.57
14,0.67,0.55
14,0.68,0.64
14,0.69,0.5
14,0.7,0.61
14,0.71,0.54
14,0.72,0.54
14,0.73,0.55
14,0.74,0.57
14,0.75,0.44
14,0.76,0.51
14,0.77,0.39
14,0.78,0.43
14,0.79,0.43
14,0.8,0.45
14,0.81,0.45
14,0.82,0.44
14,0.83,0.47
14,0.84,0.48
14,0.85,0.48
14,0.86,0.51
14,0.87,0.36
14,0.88,0.37
14,0.89,0.47
14,0.9,0.44
14,0.91,0.39
14,0.92,0.32
14,0.93,0.38
14,0.94,0.39
14,0.95,0.48
14,0.96,0.29
14,0.97,0.42
14,0.98,0.4
14,0.99,0.44
14,1.0,0.32
15,0.01,0.59
15,0.02,0.71
15,0.03,0.63
15,0.04,0.67
15,0.05,0.72
15,0.06,0.66
15,0.07,0.64
15,0.08,0.62
15,0.09,0.68
15,0.1,0.72
15,0.11,0.66
15,0.12,0.54
15,0.13,0.62
15,0.14,0.63
15,0.15,0.7
15,0.16,0.69
15,0.17,0.6
15,0.18,0.69
15,0.19,0.68
15,0.2,0.75
15,0.21,0.73
15,0.22,0.69
15,0.23,0.72
15,0.24,0.69
15,0.25,0.82
15,0.26,0.69
15,0.27,0.72
15,0.28,0.68
15,0.29,0.75
15,0.3,0.71
15,0.31,0.69
15,0.32,0.7
15,0.33,0.77
15,0.34,0.82
15,0.35,0.59
15,0.36,0.58
15,0.37,0.7
15,0.38,0.78
15,0.39,0.7
15,0.4,0.73
15,0.41,0.73
15,0.42,0.7
15,0.43,0.71
15,0.44,0.65
15,0.45,0.59
15,0.46,0.61
15,0.47,0.65
15,0.48,0.65
15,0.49,0.71
15,0.5,0.68
15,0.51,0.63
15,0.52,0.7
15,0.53,0.63
15,0.54,0.63
15,0.55,0.58
15,0.56,0.7
15,0.57,0.59
15,0.58,0.66
15,0.59,0.64
15,0.6,0.55
15,0.61,0.53
15,0.62,0.63
15,0.63,0.61
15,0.64,0.67
15,0.65,0.61
15,0.66,0.67
15,0.67,0.56
15,0.68,0.66
15,0.69,0.64
15,0.7,0.56
15,0.71,0.52
15,0.72,0.55
15,0.73,0.5
15,0.74,0.53
15,0.75,0.54
15,0.76,0.49
15,0.77,0.44
15,0.78,0.38
15,0.79,0.38
15,0.8,0.52
15,0.81,0.47
15,0.82,0.41
15,0.83,0.39
15,0.84,0.39
15,0.85,0.37
15,0.86,0.35
15,0.87,0.4
15,0.88,0.37
15,0.89,0.48
15,0.9,0.39
15,0.91,0.4
15,0.92,0.4
15,0.93,0.32
15,0.94,0.38
15,0.95,0.41
15,0.96,0.43
15,0.97,0.42
15,0.98,0.31
15,0.99,0.44
15,1.0,0.43
16,0.01,0.65
16,0.02,0.67
16,0.03,0.68
16,0.04,0.66
16,0.05,0.66
16,0.06,0.6
16,0.07,0.72
16,0.08,0.71
16,0.09,0.67
16,0.1,0.71
16,0.11,0.74
16,0.12,0.74
16,0.13,0.62
16,0.14,0.77
16,0.15,0.63
16,0.16,0.74
16,0.17,0.67
16,0.18,0.78
16,0.19,0.77
16,0.2,0.75
16,0.21,0.69
16,0.22,0.75
16,0.23,0.74
16,0.24,0.71
16,0.25,0.75
16,0.26,0.7
16,0.27,0.71
16,0.28,0.65
16,0.29,0.63
16,0.3,0.73
16,0.31,0.81
16,0.32,0.81
16,0.33,0.61
16,0.34,0.77
16,0.35,0.78
16,0.36,0.69
16,0.37,0.71
16,0.38,0.73
16,0.39,0.73
16,0.4,0.72
16,0.41,0.77
16,0.42,0.72
16,0.43,0.7
16,0.44,0.75
16,0.45,0.71
16,0.46,0.74
16,0.47,0.69
16,0.48,0.66
16,0.49,0.62
16,0.5,0.66
16,0.51,0.71
16,0.52,0.66
16,0.53,0.67
16,0.54,0.64
16,0.55,0.71
16,0.56,0.67
16,0.57,0.63
16,0.58,0.52
16,0.59,0.59
16,0.6,0.56
16,0.61,0.58
16,0.62,0.55
16,0.63,0.61
16,0.64,0.59
16,0.65,0.42
16,0.66,0.55
16,0.67,0.51
16,0.68,0.59
16,0.69,0.49
16,0.7,0.53
16,0.71,0.52
16,0.72,0.45
16,0.73,0.45
16,0.74,0.5
16,0.75,0.44
16,0.76,0.47
16,0.77,0.55
16,0.78,0.48
16,0.79,0.33
16,0.8,0.45
16,0.81,0.4
16,0.82,0.42
16,0.83,0.39
16,0.84,0.51
16,0.85,0.49
16,0.86,0.37
16,0.87,0.38
16,0.88,0.31
16,0.89,0.3
16,0.9,0.37
16,0.91,0.37
16,0.92,0.45
16,0.93,0.38
16,0.94,0.36
16,0.95,0.43
16,0.96,0.35
16,0.97,0.42
16,0.98,0.42
16,0.99,0.37
16,1.0,0.35
17,0.01,0.72
17,0.02,0.7
17,0.03,0.68
17,0.04,0.67
17,0.05,0.75
17,0.06,0.71
17,0.07,0.68
17,0.08,0.63
17,0.09,0.7
17,0.1,0.69
17,0.11,0.68
17,0.12,0.65
17,0.13,0.67
17,0.14,0.79
17,0.15,0.75
17,0.16,0.66
17,0.17,0.73
17,0.18,0.8
17,0.19,0.78
17,0.2,0.7
17,0.21,0.72
17,0.22,0.63
17,0.23,0.76
17,0.24,0.77
17,0.25,0.7
17,0.26,0.68
17,0.27,0.77
17,0.28,0.73
17,0.29,0.74
17,0.3,0.72
17,0.31,0.75
17,0.32,0.78
17,0.33,0.75
17,0.34,0.75
17,0.35,0.83
17,0.36,0.72
17,0.37,0.59
17,0.38,0.77
17,0.39,0.68
17,0.4,0.71
17,0.41,0.78
17,0.42,0.79
17,0.43,0.8
17,0.44,0.78
17,0.45,0.71
17,0.46,0.76
17,0.47,0.65
17,0.48,0.71
17,0.49,0.68
17,0.5,0.67
17,0.51,0.58
17,0.52,0.63
17,0.53,0.69
17,0.54,0.7
17,0.55,0.68
17,0.56,0.67
17,0.57,0.64
17,0.58,0.57
17,0.59,0.64
17,0.6,0.54
17,0.61,0.54
17,0.62,0.5
17,0.63,0.56
17,0.64,0.63
17,0.65,0.57
17,0.66,0.51
17,0.67,0.36
17,0.68,0.61
17,0.69,0.58
17,0.7,0.42
17,0.71,0.5
17,0.72,0.56
17,0.73,0.45
17,0.74,0.4
17,0.75,0.42
17,0.76,0.42
17,0.77,0.49
17,0.78,0.42
17,0.79,0.3
17,0.8,0.39
17,0.81,0.46
17,0.82,0.42
17,0.83,0.42
17,0.84,0.4
17,0.85,0.32
17,0.86,0.34
17,0.87,0.35
17,0.88,0.34
17,0.89,0.29
17,0.9,0.34
17,0.91,0.31
17,0.92,0.35
17,0.93,0.34
17,0.94,0.33
17,0.95,0.4
17,0.96,0.32
17,0.97,0.34
17,0.98,0.29
17,0.99,0.38
17,1.0,0.3
18,0.01,0.71
18,0.02,0.76
18,0.03,0.65
18,0.04,0.69
18,0.05,0.71
18,0.06,0.76
18,0.07,0.78
18,0.08,0.76
18,0.09,0.68
18,0.1,0.65
18,0.11,0.74
18,0.12,0.73
18,0.13,0.74
18,0.14,0.76
18,0.15,0.71
18,0.16,0.77
18,0.17,0.74
18,0.18,0.78
18,0.19,0.7
18,0.2,0.68
18,0.21,0.73
18,0.22,0.73
18,0.23,0.76
18,0.24,0.79
18,0.25,0.8
18,0.26,0.78
18,0.27,0.68
18,0.28,0.79
18,0.29,0.75
18,0.3,0.83
18,0.31,0.78
18,0.32,0.76
18,0.33,0.81
18,0.34,0.79
18,0.35,0.75
18,0.36,0.67
18,0.37,0.77
18,0.38,0.77
18,0.39,0.79
18,0.4,0.79
18,0.41,0.8
18,0.42,0.68
18,0.43,0.73
18,0.44,0.69
18,0.45,0.67
18,0.46,0.66
18,0.47,0.76
18,0.48,0.69
18,0.49,0.61
18,0.5,0.72
18,0.51,0.76
18,0.52,0.71
18,0.53,0.66
18,0.54,0.66
18,0.55,0.65
18,0.56,0.61
18,0.57,0.54
18,0.58,0.66
18,0.59,0.61
18,0.6,0.46
18,0.61,0.46
18,0.62,0.54
18,0.63,0.53
18,0.64,0.45
18,0.65,0.57
18,0.66,0.53
18,0.67,0.53
18,0.68,0.53
18,0.69,0.45
18,0.7,0.5
18,0.71,0.36
18,0.72,0.43
18,0.73,0.44
18,0.74,0.39
18,0.75,0.3
18,0.76,0.39
18,0.77,0.33
18,0.78,0.51
18,0.79,0.28
18,0.8,0.41
18,0.81,0.4
18,0.82,0.29
18,0.83,0.31
18,0.84,0.23
18,0.85,0.4
18,0.86,0.44
18,0.87,0.37
18,0.88,0.28
18,0.89,0.35
18,0.9,0.43
18,0.91,0.3
18,0.92,0.38
18,0.93,0.37
18,0.94,0.3
18,0.95,0.34
18,0.96,0.28
18,0.97,0.34
18,0.98,0.37
18,0.99,0.33
18,1.0,0.32
19,0.01,0.75
19,0.02,0.84
19,0.03,0.76
19,0.04,0.8
19,0.05,0.8
19,0.06,0.75
19,0.07,0.67
19,0.08,0.75
19,0.09,0.8
19,0.1,0.78
19,0.11,0.69
19,0.12,0.78
19,0.13,0.76
19,0.14,0.76
19,0.15,0.73
19,0.16,0.73
19,0.17,0.77
19,0.18,0.81
19,0.19,0.75
19,0.2,0.77
19,0.21,0.75
19,0.22,0.73
19,0.23,0.72
19,0.24,0.73
19,0.25,0.76
19,0.26,0.72
19,0.27,0.84
19,0.28,0.8
19,0.29,0.77
19,0.3,0.78
19,0.31,0.7
19,0.32,0.75
19,0.33,0.76
19,0.34,0.76
19,0.35,0.79
19,0.36,0.73
19,0.37,0.76
19,0.38,0.73
19,0.39,0.78
19,0.4,0.79
19,0.41,0.84
19,0.42,0.78
19,0.43,0.74
19,0.44,0.67
19,0.45,0.74
19,0.46,0.64
19,0.47,0.85
19,0.48,0.73
19,0.49,0.76
19,0.5,0.68
19,0.51,0.76
19,0.52,0.73
19,0.53,0.71
19,0.54,0.66
19,0.55,0.65
19,0.56,0.6
19,0.57,0.63
19,0.58,0.49
19,0.59,0.6
19,0.6,0.59
19,0.61,0.6
19,0.62,0.55
19,0.63,0.56
19,0.64,0.55
19,0.65,0.49
19,0.66,0.59
19,0.67,0.52
19,0.68,0.55
19,0.69,0.47
19,0.7,0.52
19,0.71,0.39
19,0.72,0.37
19,0.73,0.46
19,0.74,0.37
19,0.75,0.37
19,0.76,0.44
19,0.77,0.38
19,0.78,0.29
19,0.79,0.35
19,0.8,0.29
19,0.81,0.29
19,0.82,0.3
19,0.83,0.34
19,0.84,0.37
19,0.85,0.32
19,0.86,0.29
19,0.87,0.35
19,0.88,0.32
19,0.89,0.31
19,0.9,0.32
19,0.91,0.33
19,0.92,0.33
19,0.93,0.34
19,0.94,0.36
19,0.95,0.33
19,0.96,0.23
19,0.97,0.27
19,0.98,0.34
19,0.99,0.33
19,1.0,0.37
20,0.01,0.89
20,0.02,0.78
20,0.03,0.76
20,0.04,0.8
20,0.05,0.81
20,0.06,0.82
20,0.07,0.76
20,0.08,0.81
20,0.09,0.87
20,0.1,0.78
20,0.11,0.78
20,0.12,0.8
20,0.13,0.84
20,0.14,0.8
20,0.15,0.76
20,0.16,0.84
20,0.17,0.7
20,0.18,0.83
20,0.19,0.74
20,0.2,0.73
20,0.21,0.78
20,0.22,0.81
20,0.23,0.86
20,0.24,0.81
20,0.25,0.76
20,0.26,0.81
20,0.27,0.7
20,0.28,0.77
20,0.29,0.83
20,0.3,0.79
20,0.31,0.8
20,0.32,0.75
20,0.33,0.85
20,0.34,0.88
20,0.35,0.85
20,0.36,0.77
20,0.37,0.76
20,0.38,0.78
20,0.39,0.83
20,0.4,0.78
20,0.41,0.75
20,0.42,0.79
20,0.43,0.75
20,0.44,0.82
20,0.45,0.77
20,0.46,0.7
20,0.47,0.68
20,0.48,0.74
20,0.49,0.73
20,0.5,0.75
20,0.51,0.66
20,0.52,0.74
20,0.53,0.62
20,0.54,0.62
20,0.55,0.66
20,0.56,0.7
20,0.57,0.65
20,0.58,0.58
20,0.59,0.6
20,0.6,0.48
20,0.61,0.58
20,0.62,0.64
20,0.63,0.53
20,0.64,0.47
20,0.65,0.5
20,0.66,0.45
20,0.67,0.45
20,0.68,0.47
20,0.69,0.44
20,0.7,0.34
20,0.71,0.36
20,0.72,0.38
20,0.73,0.32
20,0.74,0.44
20,0.75,0.39
20,0.76,0.25
20,0.77,0.22
20,0.78,0.31
20,0.79,0.29
20,0.8,0.32
20,0.81,0.27
20,0.82,0.33
20,0.83,0.39
20,0.84,0.27
20,0.85,0.32
20,0.86,0.32
20,0.87,0.29
20,0.88,0.26
20,0.89,0.25
20,0.9,0.29
20,0.91,0.36
20,0.92,0.28
20,0.93,0.32
20,0.94,0.26
20,0.95,0.32
20,0.96,0.35
20,0.97,0.27
20,0.98,0.34
20,0.99,0.3
20,1.0,0.31
21,0.01,0.84
21,0.02,0.82
21,0.03,0.9
21,0.04,0.88
21,0.05,0.83
21,0.06,0.89
21,0.07,0.8
21,0.08,0.88
21,0.09,0.88
21,0.1,0.85
21,0.11,0.87
21,0.12,0.8
21,0.13,0.77
21,0.14,0.89
21,0.15,0.91
21,0.16,0.87
21,0.17,0.81
21,0.18,0.87
21,0.19,0.86
21,0.2,0.81
21,0.21,0.78
21,0.22,0.87
21,0.23,0.91
21,0.24,0.84
21,0.25,0.84
21,0.26,0.84
21,0.27,0.89
21,0.28,0.84
21,0.29,0.88
21,0.3,0.84
21,0.31,0.8
21,0.32,0.89
21,0.33,0.83
21,0.34,0.79
21,0.35,0.86
21,0.36,0.74
21,0.37,0.78
21,0.38,0.8
21,0.39,0.81
21,0.4,0.85
21,0.41,0.76
21,0.42,0.81
21,0.43,0.86
21,0.44,0.85
21,0.45,0.77
21,0.46,0.81
21,0.47,0.89
21,0.48,0.82
21,0.49,0.78
21,0.5,0.8
21,0.51,0.82
21,0.52,0.8
21,0.53,0.72
21,0.54,0.75
21,0.55,0.72
21,0.56,0.75
21,0.57,0.8
21,0.58,0.62
21,0.59,0.63
21,0.6,0.66
21,0.61,0.64
21,0.62,0.39
21,0.63,0.39
21,0.64,0.55
21,0.65,0.38
21,0.66,0.51
21,0.67,0.23
21,0.68,0.27
21,0.69,0.27
21,0.7,0.26
21,0.71,0.31
21,0.72,0.24
21,0.73,0.35
21,0.74,0.33
21,0.75,0.29
21,0.76,0.28
21,0.77,0.27
21,0.78,0.26
21,0.79,0.28
21,0.8,0.32
21,0.81,0.33
21,0.82,0.21
21,0.83,0.31
21,0.84,0.32
21,0.85,0.28
21,0.86,0.26
21,0.87,0.27
21,0.88,0.26
21,0.89,0.32
21,0.9,0.21
21,0.91,0.3
21,0.92,0.24
21,0.93,0.24
21,0.94,0.36
21,0.95,0.24
21,0.96,0.31
21,0.97,0.22
21,0.98,0.23
21,0.99,0.33
21,1.0,0.32
